state,trump,biden,middate
OH,44,48,2018-11-27
NC,44,49,2019-01-06
MI,40.3,53.3,2019-01-25
IA,49.4,50.6,2019-02-01
TX,49,46,2019-02-13
NC,43,39,2019-02-12
AZ,46,46,2019-02-12
NH,45.2,54.8,2019-02-21
TX,47,46,2019-02-22
SC,51.9,48.1,2019-03-01
MI,46.3,53.7,2019-03-09
MI,44.3,51.8,2019-03-09
WI,45.7,54.3,2019-03-16
WI,44.4,51.2,2019-03-16
IA,47.2,52.8,2019-03-23
WI,40,53,2019-03-20
MI,46,45,2019-03-20
PA,43,50,2019-03-20
PA,45.2,54.8,2019-03-27
NV,48.3,51.7,2019-03-29
MA,31.2,68.8,2019-04-06
WI,40,50,2019-04-17
TX,49.5,50.5,2019-04-27
AZ,44,49,2019-05-01
FL,48,44,2019-04-29
IA,49,44,2019-04-29
TX,49,42,2019-04-29
WI,46,42,2019-04-29
MI,42,45,2019-04-29
PA,45,46,2019-04-29
PA,42,53,2019-05-11
FL,50.2,49.8,2019-05-18
NC,44.3,55.7,2019-06-02
MI,38.5,45.2,2019-05-29
MI,41.4,53.3,2019-05-29
TX,44,48,2019-06-01
NC,52,41,2019-05-29
MI,41,52,2019-06-10
KY,57,37,2019-06-11
WI,40,46,2019-06-12
MI,43,46,2019-06-12
PA,42,43,2019-06-12
FL,41,50,2019-06-14
FL,46.8,47.3,2019-06-15
NC,46,49,2019-06-17
ME,46,54,2019-06-24
SC,54,38,2019-06-13
OH,42,50,2019-07-19
MI,36,49,2019-07-16
TX,37.1,36.9,2019-07-26
ND,54,39,2019-05-16
TX,49.2,50.8,2019-08-02
TX,37.2,41.2,2019-08-03
CA,27,61,2019-08-03
NC,41,49,2019-08-03
ND,60,34,2019-07-16
NH,40,53,2019-08-04
NC,45,44,2019-08-03
WA,30.7,51.9,2019-07-27
AK,45,40,2019-07-31
NV,43,49,2019-08-15
CO,45.1,54.9,2019-08-18
AZ,43,45,2019-08-13
MO,51,43,2019-04-10
MI,41,51,2019-08-19
UT,36,35,2019-08-03
WI,42,51,2019-08-27
NH,45.4,54.6,2019-09-08
TX,43,47,2019-09-03
TX,43,43,2019-08-22
WI,42,44,2019-09-08
MI,41,42,2019-09-08
PA,41,45,2019-09-08
AZ,45,50,2019-07-30
CO,42,51,2019-07-30
KY,53,41,2019-07-30
ME,44,50,2019-07-30
NC,45,49,2019-07-30
CA,36.2,63.8,2019-09-15
AZ,43,42,2019-09-11
FL,50.5,49.5,2019-09-14
CA,31,57,2019-09-14
TX,38,39.6,2019-09-14
MO,53,42,2019-09-18
VA,37,55,2019-09-09
VA,38,55,2019-09-09
MI,35,54,2019-09-25
OH,47.4,52.6,2019-10-01
WI,39,48,2019-10-01
MT,53.5,46.5,2019-09-30
NC,46,51,2019-10-05
CT,33.3,52.2,2019-09-25
NC,38.4,34.6,2019-10-03
OH,46,48,2019-10-10
NC,46.4,49.7,2019-10-06
OH,47,53,2019-10-04
VA,44,52,2019-09-29
ME,42,54,2019-10-12
VA,44,52,2019-09-29
VA,46,51,2019-09-29
IA,50.6,49.4,2019-10-15
MN,38,50,2019-10-15
FL,43,48,2019-10-17
CA,32,59,2019-10-15
WI,44,50,2019-10-15
AZ,50,50,2019-10-27
WA,37,59,2019-10-22
MI,44.2,55.8,2019-11-02
NV,50.7,49.3,2019-11-01
TX,46,39,2019-10-22
AZ,44.63,49.53,2019-10-18
AZ,46.16,48.51,2019-10-18
FL,44.17,45.7,2019-10-19
FL,44.48,46.01,2019-10-19
IA,45.45,44.24,2019-10-27
MI,44.65,44.41,2019-10-19
MI,44.07,45.39,2019-10-19
NC,47.57,45.68,2019-10-19
NC,47.86,45.88,2019-10-19
PA,43.96,46.7,2019-10-19
PA,44.85,46.06,2019-10-19
WI,43.26,46.75,2019-10-19
WI,44.33,46.15,2019-10-19
GA,42.5,51.1,2019-11-03
GA,44,46,2019-10-29
PA,43,52,2019-11-06
NC,43,45,2019-11-12
NV,40,47,2019-11-12
TX,44.5,39.4,2019-11-09
GA,47,48,2019-11-07
NH,43,51,2019-11-15
GA,43,47,2019-11-17
WI,47,44,2019-11-15
NH,47.7,52.3,2019-11-24
NH,41.6,45.9,2019-11-24
CA,32,59,2019-11-21
TX,45,44,2019-11-15
AZ,46,44,2019-12-03
WI,48.24,39.08,2019-12-04
MI,46.28,40.87,2019-12-04
PA,45.48,41.24,2019-12-04
IA,49,45,2019-12-09
CA,36,56,2019-12-06
TX,48,47,2019-12-06
WI,46,47,2019-12-05
VA,44,48,2019-12-08
VA,46,47,2019-12-08
VA,46,49,2019-12-08
FL,45,47,2019-12-13
VA,45,49,2019-12-14
NM,45.7,54.3,2020-01-05
IA,49,46,2019-12-30
AZ,46,46,2020-01-03
MI,43.2,50.1,2020-01-05
GA,51,44,2019-12-21
NV,39,47,2020-01-07
WI,41,46,2020-01-07
CT,32.3,51.7,2019-12-24
MI,44,50,2020-01-11
FL,48.59,51.41,2020-01-11
WI,45,49,2020-01-10
WV,66,31,2020-01-08
FL,49,45,2020-01-07
CA,35,59,2020-01-15
IA,46,44,2020-01-22
NH,43,51,2020-01-22
DE,40.2,55.9,2020-01-18
AL,59,38,2020-01-08
TX,51,46,2020-01-14
MO,50,43,2020-01-21
TX,54,40,2020-01-18
UT,49,31,2020-01-19
TX,44,42,2020-01-25
TN,55,39,2020-01-29
ND,59,34,2020-01-30
ND,57,38,2020-01-30
SC,52,40,2020-02-01
NH,49,45,2020-02-04
KS,51,43,2020-02-03
NH,45.9,43.5,2020-02-09
AL,58,38,2020-02-05
WI,46,47,2020-01-15
TX,47,43,2020-02-04
OK,62,34,2020-02-12
NJ,34,52,2020-02-14
NJ,35,53,2020-02-14
NC,45,49,2020-02-15
CA,37,57,2020-02-15
FL,48,49,2020-02-14
MI,43,47,2020-02-15
PA,42,50,2020-02-15
WI,49,42,2020-02-15
CA,30.4,59.9,2020-02-08
NV,40.9,43.7,2020-02-20
PA,45,46,2020-02-15
MI,43,47,2020-02-15
WI,43,45,2020-02-15
NY,36,55,2020-02-18
VA,40,48,2020-02-13
MD,35,60,2020-02-16
MT,56.2,33.9,2020-02-17
PA,47,47,2020-02-16
NH,46,44,2020-02-22
WI,46,46,2020-02-21
TX,46,43,2020-02-23
CA,35,60,2020-02-24
TX,47,48,2020-02-24
CA,30.9,57.8,2020-02-22
SC,47.6,41.8,2020-02-27
MO,52,42,2020-02-26
TX,45,44,2020-02-21
NC,45,49,2020-02-25
TX,49,45,2020-02-25
NC,45.5,48.1,2020-02-27
CA,31,59,2020-02-27
FL,40.3,51.2,2020-02-19
NC,44,46,2020-02-17
CO,43,46,2020-02-17
CA,26.2,62.1,2020-02-28
TX,46.5,42.8,2020-02-28
VA,38,45,2020-02-27
GA,51.4,43.1,2020-02-28
ME,42,52,2020-03-02
AZ,47,48,2020-03-02
MS,56,41,2020-02-27
UT,50,33,2020-02-27
MI,43,43,2020-02-12
PA,42,47,2020-02-12
WI,44,42,2020-02-12
AZ,50,45,2020-01-23
MI,46.49,44.34,2020-03-06
PA,45.44,43.77,2020-03-06
WI,44.56,43.07,2020-03-06
ND,55,38,2020-03-04
MI,41,48,2020-03-07
MI,41,45,2020-03-07
PA,40,46,2020-03-07
WI,42,44,2020-03-07
MI,45.5,44.1,2020-03-08
FL,50.59,49.41,2020-03-06
WA,34,57,2020-03-05
OK,57,33,2020-03-07
IA,51,41,2020-03-04
WI,45,48,2020-03-10
KS,52,40,2020-03-10
AZ,43,49,2020-03-03
AZ,42,50,2020-03-08
AZ,46,42,2020-02-13
AZ,43,46,2020-03-13
OH,45,49,2020-03-12
AZ,46,47,2020-03-12
FL,48,45,2020-03-09
FL,44.9,45.4,2020-03-15
CT,35.6,51.9,2020-03-03
MI,41,44,2020-03-18
MI,42.2,47.3,2020-03-21
OH,47.2,42.9,2020-03-21
PA,46.5,44.5,2020-03-21
WI,44.8,44.9,2020-03-21
MI,44.67,51.83,2020-03-14
WI,49.17,46.5,2020-03-18
PA,47.17,46.67,2020-03-20
NY,33,58,2020-03-24
CA,29,67,2020-03-28
WI,45,48,2020-03-26
MI,45,48,2020-03-31
GA,48,46,2020-03-31
MI,46.12,45.81,2020-03-31
FL,40,46,2020-04-02
UT,46,41,2020-03-25
MI,41,50,2020-04-07
WI,47,48,2020-04-07
AZ,43,52,2020-04-07
CT,34.1,47.3,2020-03-29
VA,41,51,2020-04-01
NC,49,42,2020-04-06
NC,47,48,2020-04-14
FL,47.5,48.3,2020-04-16
IN,52,39,2020-04-12
MS,48.7,38.1,2020-04-08
WA,39,52,2020-04-03
FL,42,46,2020-04-18
MI,41,49,2020-04-20
PA,42,50,2020-04-20
MI,38,46,2020-04-17
PA,40,46,2020-04-17
WI,40,43,2020-04-17
NJ,38,54,2020-04-18
PA,42,48,2020-04-17
MI,36,45,2020-04-17
PA,37,42,2020-04-17
WI,37,39,2020-04-17
NC,46,49,2020-04-20
MI,44,51,2020-04-20
PA,44,51,2020-04-20
WI,45,50,2020-04-20
FL,43,46,2020-04-20
MI,43.33,49.67,2020-04-10
WI,45.83,50,2020-04-14
PA,47.5,47.5,2020-04-17
NM,40,52,2020-04-20
TX,49,44,2020-04-14
NY,29,65,2020-04-21
OH,44.2,44.9,2020-04-22
NC,45,50,2020-04-25
UT,51,32,2020-04-18
TX,46,47,2020-04-27
NC,45,48,2020-04-15
NH,42,50,2020-04-25
MI,42,50,2020-04-28
GA,45.1,44,2020-04-26
NC,40.4,47.4,2020-04-27
PA,43,49,2020-04-23
TX,43,43,2020-04-22
IA,48,46,2020-04-30
MT,45.32,39.65,2020-04-18
NC,46,49,2020-05-03
CO,35,53.16,2020-04-14
CO,36,55,2020-05-02
NV,45,49,2020-04-29
NY,32,55,2020-05-02
NJ,35,54,2020-05-02
CT,33,56,2020-05-02
MA,30,58,2020-04-29
MA,33.13,66.87,2020-05-05
TX,51.69,48.31,2020-05-09
OH,51.37,48.63,2020-05-09
CA,34.83,65.17,2020-05-08
WI,43,46,2020-05-05
GA,46,47,2020-05-06
NJ,32,55,2020-04-27
NJ,33,56,2020-04-27
FL,47.35,52.65,2020-05-10
NC,46.1,43.2,2020-05-08
GA,48,46,2020-05-12
CO,40,53,2020-05-09
FL,43.9,44.5,2020-05-16
FL,47.7,52.3,2020-05-16
AZ,42.56,50.46,2020-05-10
VA,39,51,2020-05-09
GA,47,48,2020-05-17
TN,53,36,2020-04-26
KY,55,39,2020-05-14
CA,30,58,2020-05-18
MI,42.17,51.83,2020-05-03
PA,50.5,46,2020-05-11
WI,42.17,51.5,2020-05-07
WA,31,57,2020-05-18
MI,46,48.95,2020-05-14
MI,44.21,46.67,2020-05-14
MI,45,51,2020-05-18
AZ,41,45,2020-05-12
NC,43,45,2020-05-12
FL,43,45,2020-05-12
PA,39,48,2020-05-12
MI,39,47,2020-05-12
WI,38,48,2020-05-12
NC,42,42,2020-05-16
WA,37,59,2020-05-19
MN,44,49,2020-05-19
MD,35.3,59.1,2020-05-21
UT,44,41,2020-05-12
NC,46.8,46.6,2020-05-11
AZ,45.3,47,2020-05-20
NY,32,57,2020-05-19
SC,52,42,2020-05-25
FL,46.7,47.5,2020-05-26
MO,48,44,2020-05-26
IN,49,39,2020-05-22
MI,44,50,2020-05-29
KS,52,40,2020-05-31
AZ,45,44,2020-05-30
FL,45,48,2020-05-30
MI,46,48,2020-05-30
NC,45,46,2020-05-30
PA,50,46,2020-05-30
WI,45,45,2020-05-30
NC,47,44,2020-05-27
TX,44,43,2020-05-30
AZ,42,46,2020-06-01
OH,43,45,2020-06-01
WI,40,49,2020-06-01
CA,33,57,2020-05-21
NC,45,49,2020-06-02
IA,48,47,2020-06-03
TX,48,48,2020-06-03
MI,41,53,2020-06-01
OK,55,36,2020-06-03
KY,53,36,2020-05-23
TN,51,42,2020-05-13
IA,46,46,2020-06-07
MI,35,50,2020-06-04
GA,44,40,2020-05-24
FL,43.8,47,2020-05-24
MO,51,43,2020-06-10
AR,47,45,2020-06-09
IA,44,43,2020-06-09
MI,39,55,2020-06-02
NM,39,53,2020-06-12
MI,37,50,2020-06-11
MI,38,51,2020-06-11
FL,40,50,2020-06-10
FL,40,51,2020-06-10
AZ,45,49,2020-06-14
GA,46,48,2020-06-12
MS,50.4,40.6,2020-06-03
FL,43,50,2020-06-13
PA,46,49,2020-06-13
WI,44,48,2020-06-13
MI,45,47,2020-06-13
NC,45,47,2020-06-13
AZ,44,45,2020-06-13
KY,57,37,2020-06-14
NH,42,49,2020-06-15
UT,46,40,2020-05-12
UT,46,40,2020-05-12
UT,48,38,2020-05-12
UT,48,38,2020-05-12
NC,46,43,2020-06-17
MN,42,58,2020-06-19
MI,45.3,46.2,2020-06-17
AL,53,39,2020-05-16
TX,48,46,2020-06-18
WI,44,51,2019-08-27
WI,44,51,2019-10-15
WI,48,45,2019-11-15
WI,47,49,2019-12-05
WI,47,48,2020-01-10
WI,42,51,2020-06-16
NC,46,48,2020-06-22
OH,45,46,2020-06-20
AZ,41,48,2020-06-12
FL,41,47,2020-06-13
MI,36,47,2020-06-12
NC,40,49,2020-06-13
PA,40,50,2020-06-12
WI,38,49,2020-06-12
PA,42.17,53.83,2020-06-10
WI,38.67,55.33,2020-06-14
MI,37.5,55.5,2020-06-19
AZ,39,43,2020-06-16
NC,40,46,2020-06-16
FL,41,45,2020-06-14
PA,39,49,2020-06-15
MI,36,47,2020-06-15
WI,36,45,2020-06-16
FL,40,49,2020-06-22
GA,45,47,2020-06-22
NC,45,47,2020-06-22
TX,44,45,2020-06-22
WI,45.5,44.6,2020-06-24
GA,45,49,2020-06-25
PA,41,46,2020-06-19
NY,32,57,2020-06-24
MO,46,48,2020-06-19
NC,43.8,45.1,2020-06-24
AZ,44,51,2020-06-27
FL,45,50,2020-06-27
MI,43,48,2020-06-27
NC,44,51,2020-06-27
PA,44,50,2020-06-27
WI,43,51,2020-06-27
AZ,45.4,47.1,2020-06-28
CO,39,56,2020-06-29
MI,44,50,2020-06-26
AZ,49,45,2020-06-27
MT,52.3,37.9,2020-06-21
TX,46,48,2020-06-24
TX,48,44,2020-06-24
FL,45.94,45.9,2020-07-01
ME,42,53,2020-07-02
PA,42.7,48,2020-07-01
AK,48,45,2020-07-07
NC,46,50,2020-07-07
AL,55,40.6,2020-07-06
AZ,46,47,2020-04-15
IA,48,45,2020-04-15
NC,46,48,2020-04-15
TX,41,46,2020-07-03
TX,43,48,2020-07-03
AZ,46,46,2020-07-09
FL,42,48,2020-07-09
TX,46,45,2020-07-09
GA,48,45,2020-07-02
MT,51,42,2020-07-09
MO,49.6,42.5,2020-06-27
MT,49,45,2020-07-12
FL,43,53,2020-07-13
TX,46,44,2020-07-07
AZ,45,51,2020-07-11
FL,43,50,2020-07-11
MI,42,48,2020-07-11
NC,46,47,2020-07-11
PA,42,50,2020-07-11
WI,42,48,2020-07-11
PA,40,53,2020-07-11
PA,42,52,2020-07-11
PA,44,51,2020-07-11
AZ,44,49,2020-07-06
KY,53,41,2020-07-09
AK,48.8,47.6,2020-06-30
SC,50,46,2020-07-17
MI,44,51,2020-07-09
NC,48.6,47.7,2020-07-14
GA,49.8,43.3,2020-07-17
OH,46,50,2020-07-15
PA,46,51,2020-07-15
AZ,45,49,2020-07-17
GA,43,47,2020-07-12
TX,44,45,2020-07-18
AZ,44.59,49.43,2020-07-13
GA,48.79,45.74,2020-07-13
IA,45.93,47.5,2020-07-13
KY,60.29,33.57,2020-07-13
MI,49.58,45.36,2020-07-13
MT,51.69,41.9,2020-07-13
NC,48.96,45.52,2020-07-14
PA,47.76,47.02,2020-07-17
TX,49.45,44.76,2020-07-18
WI,45.37,46.3,2020-07-17
FL,44.4,50.4,2020-07-13
FL,38,51,2020-07-18
MI,40,49,2020-07-19
MN,38,51,2020-07-19
PA,39,50,2020-07-19
WI,42,50,2020-07-22
MI,42,51,2020-07-22
PA,45,48,2020-07-23
AZ,45,49,2020-07-21
FL,46,51,2020-07-21
MI,40,52,2020-07-21
AZ,45,50,2020-07-18
MI,42,48,2020-07-23
OH,46,45,2020-07-23
NC,44,51,2020-07-18
SC,50,43,2020-07-16
MN,44.2,49.2,2020-07-24
SC,50,45,2020-07-17
AZ,42,49,2020-07-21
CO,39,52,2020-07-21
FL,46,49,2020-07-21
GA,46,47,2020-07-21
MI,42,52,2020-07-21
MN,44,47,2020-07-21
NC,47,47,2020-07-21
OH,48,45,2020-07-21
PA,42,50,2020-07-21
TX,45,47,2020-07-21
VA,41,52,2020-07-21
WI,43,50,2020-07-21
MA,23,55,2020-07-19
NJ,33.4,51.2,2020-07-09
AK,50,44,2020-07-23
CO,41,54,2020-07-23
GA,45,46,2020-07-23
IA,48,47,2020-07-23
ME,42,53,2020-07-23
MT,50,45,2020-07-23
NC,46,49,2020-07-23
ME,38,50,2020-07-21
AZ,47,45,2020-05-21
CO,42,50,2020-05-21
FL,48,47,2020-05-21
GA,49,47,2020-05-21
MI,42,50,2020-05-21
MN,42,49,2020-05-21
NC,49,46,2020-05-21
OH,50,42,2020-05-21
PA,44,48,2020-05-21
TX,50,43,2020-05-21
VA,42,52,2020-05-21
WI,44,49,2020-05-21
WA,28,62,2020-07-24
AZ,45,47,2020-07-25
FL,45,48,2020-07-25
MI,42,46,2020-07-25
NC,46,49,2020-07-25
PA,46,48,2020-07-25
WI,43,48,2020-07-25
GA,47,47,2020-07-25
GA,48,47,2020-07-25
GA,49,46,2020-07-25
MI,33,49,2020-06-13
FL,46,50,2020-07-22
NC,48.4,46.8,2020-07-23
PA,41,50,2020-07-23
AZ,38,46,2020-07-21
NC,42,43,2020-07-20
FL,41,48,2020-07-20
PA,41,48,2020-07-20
MI,37,49,2020-07-21
WI,35,45,2020-07-21
VA,39,50,2020-07-15
NH,40,53,2020-07-22
NH,39,52,2020-06-20
NH,46,44,2020-05-16
MN,42,52,2020-07-22
NC,44,48,2020-07-30
GA,45,46,2020-07-30
OH,41.7,45.9,2020-07-04
MT,54.49,45.51,2020-08-01
WI,42,51,2020-07-14
MI,43,49,2020-07-28
AL,58,36,2020-07-28
KY,59,35,2020-07-28
SC,49,44,2020-07-28
TX,46,47,2020-07-28
CA,28,67,2020-07-24
MI,40.5,52.5,2020-07-15
PA,44.67,50.83,2020-07-19
WI,37.9,52.1,2020-07-24
HI,29,56,2020-07-29
FL,43,43,2020-07-22
OH,41,43,2020-07-22
PA,43,44,2020-07-22
NC,40,44,2020-07-22
IA,48,45,2020-08-01
IA,48,46,2020-08-01
IA,47,47,2020-08-01
WI,45,49,2020-05-05
WI,44,52,2020-06-16
KY,52,45,2020-07-27
IN,55,38,2020-07-28
KY,55,34,2020-04-09
AZ,43,45,2020-07-28
AZ,44,47,2020-07-28
IA,44,42,2020-07-28
IA,46,45,2020-07-28
ME,42,49,2020-07-28
ME,43,53,2020-07-28
NC,44,46,2020-07-28
NC,45,49,2020-07-28
OK,56,36,2020-07-29
IA,43,49,2020-07-30
MI,41,51,2020-07-30
MN,36,54,2020-07-30
WI,42,53,2020-07-30
KY,50,41,2020-08-01
ME,37,52,2020-08-01
SC,47,42,2020-08-01
IA,41,40,2020-07-29
UT,50,31,2020-07-29
MI,40,51,2020-07-27
KS,50,43,2020-08-05
TX,49.4,43.4,2020-08-03
PA,43,49,2020-08-06
WI,42,48,2020-08-06
MI,43,47,2020-08-01
PA,41,50,2020-08-01
WI,43,49,2020-08-01
AZ,45,49,2020-08-03
ME,39,50,2020-07-30
AZ,46.2,44.8,2020-08-07
GA,40,44,2020-07-27
NC,37,47,2020-07-27
NC,48.36,47.26,2020-08-06
NC,46,49,2020-07-30
GA,44,46,2020-08-07
MN,49,51,2020-08-09
WI,46,50,2020-08-06
WI,45,50,2020-08-06
ME,36,44,2020-08-03
AZ,46.7,53.3,2020-08-09
NC,50.59,49.41,2020-08-09
PA,46.69,53.31,2020-08-09
MA,27,63,2020-08-08
AZ,44,45,2020-08-08
FL,44,50,2020-08-08
MI,43,48,2020-08-08
NC,48,47,2020-08-08
PA,44,48,2020-08-08
WI,43,47,2020-08-08
ME,38,45,2020-08-03
KS,48,41,2020-08-07
WI,42.56,55.17,2020-08-05
CA,28,56,2020-08-12
MS,53,43,2020-08-04
NC,44,45,2020-08-08
MA,28,61,2020-08-04
CA,25,61,2020-08-09
CT,32,52,2020-05-21
NC,46.9,46.5,2020-08-12
TX,47.5,40.5,2020-08-08
GA,47.4,44.5,2020-08-14
WI,43,49,2020-08-11
MI,43,52,2020-08-01
AZ,51,48,2020-08-03
FL,49,49,2020-08-03
PA,46,50,2020-08-03
WI,47,47,2020-08-03
LA,50,43,2020-08-09
MN,46.5,46.9,2020-08-17
TX,45,47,2020-08-12
PA,45,49,2020-08-14
NH,43,51,2020-08-16
NJ,33,52,2020-08-09
MI,46,49,2020-08-15
OH,47,47,2020-08-15
PA,44,51,2020-08-15
WI,45,51,2020-08-15
AZ,38,47,2020-08-17
FL,41,49,2020-08-16
MI,38,50,2020-08-17
NC,46,44,2020-08-16
PA,41,48,2020-08-16
WI,39,49,2020-08-18
OH,46,47,2020-07-31
LA,54.3,37.9,2020-08-15
TX,47,48,2020-08-21
NC,46,49,2020-08-18
NY,32,63,2020-08-21
FL,44,48,2020-08-21
DE,37,58,2020-08-21
WI,46.2,45.4,2020-08-18
AZ,47,49,2020-08-22
FL,46,49,2020-08-22
MI,44,50,2020-08-22
NC,47,48,2020-08-22
PA,46,49,2020-08-22
WI,44,49,2020-08-22
VA,39,53,2020-08-15
PA,42,49,2020-08-20
MI,46.6,45.2,2020-08-18
MA,30.56,69.44,2020-08-26
MO,51.9,41.2,2020-08-27
PA,43,52,2020-08-22
GA,46,47,2020-08-24
PA,42,50,2020-08-16
PA,43,53,2020-08-16
AZ,47,45,2020-08-11
GA,47,46,2020-08-11
MI,44,50,2020-08-11
CO,41,51,2020-08-11
TX,47,46,2020-08-11
MN,42,50,2020-08-11
OH,49,45,2020-08-11
NC,46,49,2020-08-11
PA,44,50,2020-08-11
FL,45,50,2020-08-11
AZ,42,52,2020-08-25
GA,46,49,2020-08-25
MI,42,52,2020-08-25
WI,43,52,2020-08-25
CO,41,51,2020-08-25
TX,48,47,2020-08-25
MN,43,50,2020-08-25
OH,50,45,2020-08-25
NC,47,49,2020-08-25
PA,45,49,2020-08-25
FL,47,49,2020-08-25
NV,38.6,44,2020-08-25
MT,48,44,2020-08-24
MI,44,48,2020-08-28
NC,48.7,46.6,2020-08-29
GA,47.9,40.5,2020-08-30
PA,45,49,2020-08-30
PA,46,49,2020-08-30
PA,47,48,2020-08-30
FL,43.1,50.4,2020-08-23
WI,39.99,53.45,2020-08-25
AZ,39,49,2020-08-31
AZ,40,49,2020-08-31
NC,45,49,2020-08-31
NC,46,50,2020-08-31
WI,41,49,2020-08-31
WI,42,50,2020-08-31
WI,43,49,2020-04-30
WI,43,48,2020-05-01
WI,44,48,2020-05-02
WI,43,48,2020-05-03
WI,45,47,2020-05-04
WI,45,47,2020-05-05
WI,45,47,2020-05-06
WI,44,47,2020-05-07
WI,44,47,2020-05-08
WI,43,49,2020-05-09
WI,42,49,2020-05-10
WI,43,49,2020-05-11
WI,43,48,2020-05-12
WI,44,47,2020-05-13
WI,43,48,2020-05-14
WI,43,48,2020-05-15
WI,42,48,2020-05-16
WI,43,48,2020-05-17
WI,43,49,2020-05-18
WI,44,48,2020-05-19
WI,44,48,2020-05-20
WI,44,49,2020-05-22
WI,43,50,2020-05-23
WI,42,50,2020-05-24
WI,43,49,2020-05-25
WI,44,48,2020-05-26
WI,44,48,2020-05-27
WI,44,48,2020-05-28
WI,44,49,2020-05-29
WI,44,48,2020-05-30
WI,44,48,2020-05-31
WI,43,48,2020-06-01
WI,43,49,2020-06-02
WI,43,49,2020-06-03
WI,43,49,2020-06-04
WI,44,49,2020-06-05
WI,44,49,2020-06-06
WI,44,49,2020-06-07
WI,44,49,2020-06-08
WI,44,49,2020-06-09
WI,44,49,2020-06-10
WI,44,49,2020-06-11
WI,45,48,2020-06-12
WI,45,48,2020-06-13
WI,45,48,2020-06-14
WI,45,48,2020-06-15
WI,44,49,2020-06-16
WI,45,49,2020-06-17
WI,45,49,2020-06-18
WI,44,50,2020-06-19
WI,45,49,2020-06-20
WI,45,48,2020-06-21
WI,45,49,2020-06-22
WI,45,49,2020-06-23
WI,46,48,2020-06-24
WI,45,49,2020-06-25
WI,44,49,2020-06-26
WI,44,50,2020-06-27
WI,44,50,2020-06-28
WI,44,50,2020-06-29
WI,43,51,2020-06-30
WI,42,50,2020-07-01
WI,41,51,2020-07-02
WI,41,51,2020-07-03
WI,40,50,2020-07-04
WI,40,51,2020-07-05
WI,40,50,2020-07-06
WI,41,50,2020-07-07
WI,41,50,2020-07-08
WI,41,50,2020-07-09
WI,42,49,2020-07-10
WI,42,49,2020-07-11
WI,44,48,2020-07-12
WI,43,49,2020-07-13
WI,45,48,2020-07-14
WI,46,48,2020-07-15
WI,45,48,2020-07-16
WI,45,47,2020-07-17
WI,44,48,2020-07-18
WI,44,49,2020-07-19
WI,43,49,2020-07-20
WI,43,50,2020-07-22
WI,42,50,2020-07-23
WI,41,50,2020-07-24
WI,42,51,2020-07-25
WI,42,50,2020-07-26
WI,42,51,2020-07-27
WI,41,52,2020-07-28
WI,41,51,2020-07-29
WI,41,51,2020-07-30
WI,41,51,2020-07-31
WI,41,51,2020-08-01
WI,42,51,2020-08-02
WI,43,51,2020-08-03
WI,43,50,2020-08-04
WI,43,50,2020-08-05
WI,42,50,2020-08-06
WI,42,50,2020-08-07
WI,43,50,2020-08-08
WI,43,50,2020-08-09
WI,43,50,2020-08-10
WI,45,48,2020-08-12
WI,43,50,2020-08-13
WI,42,51,2020-08-14
WI,43,51,2020-08-15
WI,43,50,2020-08-16
WI,44,50,2020-08-17
WI,43,51,2020-08-18
WI,43,50,2020-08-19
WI,42,51,2020-08-20
WI,42,52,2020-08-21
WI,42,52,2020-08-22
WI,42,51,2020-08-23
WI,43,51,2020-08-24
WI,42,53,2020-08-26
WI,42,52,2020-08-27
MN,45,48,2020-08-31
PA,48.15,47.82,2020-08-26
NC,45,47,2020-08-31
NC,46,48,2020-08-31
NC,46,48,2020-08-31
FL,45,48,2020-08-30
PA,44,52,2020-08-30
WI,42,52,2020-08-28
MN,42,50,2020-05-27
FL,48.7,45.6,2020-09-02
TX,45,48,2020-08-22
MN,44,52,2020-09-03
MI,40.93,52.27,2020-08-13
PA,44.95,51.12,2020-08-28
WI,43.7,51.91,2020-08-19
WI,42,52,2020-08-29
WI,44,51,2020-08-30
NM,39,54,2020-08-30
TX,43,44,2020-08-30
TX,48,46,2020-08-30
WI,44,50,2020-09-03
WI,44,50,2020-08-31
WI,44.72,53.09,2020-09-01
CA,39.02,56.21,2020-08-31
ID,59.66,34.48,2020-08-31
WI,43,51,2020-09-01
MO,49,44,2020-09-02
PA,42,44,2020-08-30
OH,47.04,50.87,2020-09-01
FL,48,47,2020-09-03
FL,48,48,2020-09-03
NJ,39.63,57.89,2020-09-06
TX,48,47,2020-09-01
FL,46,51,2020-08-30
AZ,43,48,2020-09-01
FL,44,47,2020-09-01
MI,40,51,2020-09-01
NC,44,43,2020-09-01
PA,43,48,2020-09-01
WI,41,50,2020-09-01
MI,42.3,47,2020-09-02
WI,43,51,2020-09-02
PA,44,52,2020-09-04
PA,44,53,2020-09-04
AZ,45,49,2020-09-05
FL,46,49,2020-09-05
MI,43,49,2020-09-05
NC,47,49,2020-09-05
PA,46,50,2020-09-05
WI,44,50,2020-09-05
AZ,46,49,2020-09-02
CO,43,49,2020-09-02
FL,45,50,2020-09-02
GA,48,46,2020-09-02
MI,42,52,2020-09-02
MN,44,49,2020-09-02
NC,47,48,2020-09-02
OH,50,45,2020-09-02
PA,45,50,2020-09-02
TX,46,46,2020-09-02
WI,44,48,2020-09-01
WI,41,48,2020-09-01
FL,47.1,49.6,2020-09-07
MN,40.1,48.8,2020-09-06
OK,59.6,35.2,2020-09-05
WI,42,51,2020-09-03
FL,46,48,2020-09-03
NC,48,48,2020-09-03
MT,50,43,2020-09-02
ME,40,54,2020-09-02
CO,40,50,2020-09-02
WI,45,50,2020-09-03
PA,46,49,2020-09-03
MI,43,50,2020-09-03
GA,46,47,2020-09-02
AZ,47,48,2020-09-03
IA,47,45,2020-09-02
MI,44.29,52.87,2020-09-02
PA,44,51,2020-09-05
IN,53,39,2020-09-05
WI,44.78,51.43,2020-09-07
WI,42,50,2020-09-04
NC,48.72,47.94,2020-09-07
OR,39,51,2020-09-05
WI,43,50,2020-09-05
MN,41,50,2020-09-09
NV,42,46,2020-09-09
NH,42,45,2020-09-10
WI,43,48,2020-09-09
AZ,48,50,2020-09-10
AZ,44,47,2020-09-10
MN,41,50,2020-09-10
WI,43,50,2020-09-06
WI,43,50,2020-09-07
AZ,42,52,2020-09-09
CO,39,50,2020-08-30
CO,41,53,2020-08-30
NC,47.8,46.1,2020-09-10
NC,47,47,2020-09-12
WI,43,50,2020-09-08
MN,38,55,2020-05-11
MN,45,48,2020-05-31
MN,44,48,2020-09-08
FL,49.95,49.81,2020-09-11
NC,44,49,2020-09-11
NC,46,49,2020-09-11
WI,41,52,2020-09-11
WI,42,52,2020-09-11
FL,45,50,2020-09-12
FL,45,50,2020-09-12
FL,46,49,2020-09-12
VA,39,53,2020-09-02
GA,46.02,52.24,2020-08-25
WI,42,51,2020-09-09
MN,40,57,2020-09-10
MN,41,57,2020-09-10
WI,46,50,2020-09-10
WI,46,52,2020-09-10
KY,58,38,2020-09-12
ME,38,59,2020-09-12
SC,51,45,2020-09-12
CA,31,61,2020-08-23
WI,42,51,2020-09-10
CA,31,60,2020-09-08
UT,53,35,2020-09-09
AZ,40,45,2020-09-06
FL,42,43,2020-09-06
NC,43,45,2020-09-06
NC,42.8,46.2,2020-09-13
NC,43.2,47.4,2020-09-13
AZ,44,48,2020-09-13
AZ,46,48,2020-09-13
AZ,47,47,2020-09-13
WI,42,51,2020-09-11
AZ,40,49,2020-09-12
ME,38,55,2020-09-13
NC,44,45,2020-09-13
MI,40,48,2020-09-12
MI,42,53,2020-09-13
OH,48,45,2020-09-13
PA,45,52,2020-09-13
WI,44,51,2020-09-13
AZ,42,47,2020-09-14
FL,44,47,2020-09-13
MI,39,49,2020-09-13
NC,45,47,2020-09-14
PA,44,49,2020-09-13
WI,41,47,2020-09-14
MO,53,45,2020-09-16
PA,43,48,2020-09-10
MT,49,42,2020-09-15
FL,46,48,2020-09-17
TX,48,46,2020-09-17
GA,46,45,2020-09-14
MN,42,51,2020-09-14
PA,44.9,47.3,2020-09-16
NC,49.19,50.81,2020-09-17
GA,46,49,2020-09-15
TX,44,48,2020-08-22
LA,48,42,2020-09-04
MS,50,40,2020-08-29
AL,48,44,2020-08-18
FL,44,46,2020-08-13
ME,38.6,50.8,2020-09-19
ME,39.2,51.4,2020-09-19
PA,46,49,2020-09-13
WI,43,48,2020-09-13
WI,44.4,45.2,2020-06-22
SC,50,44,2020-09-15
GA,47.3,47,2020-09-15
VT,32.46,55.73,2020-09-09
IA,47,47,2020-09-16
MI,41,46,2020-09-16
WA,36,58,2020-09-11
MI,44,49,2020-09-13
NC,47,47,2020-09-13
AZ,47,49,2020-09-17
AZ,49,48,2020-09-17
FL,47,48,2020-09-17
FL,51,47,2020-09-17
FL,46.5,49.7,2020-09-21
AZ,43,49,2020-09-19
FL,46,49,2020-09-19
MI,43,51,2020-09-19
NC,46,48,2020-09-19
PA,45,49,2020-09-19
WI,42,51,2020-09-19
GA,47,46,2020-09-19
GA,48,46,2020-09-19
GA,50,45,2020-09-19
NC,45,44,2020-09-19
AZ,46,47,2020-09-13
FL,47,47,2020-09-13
OH,44.3,44.9,2020-09-15
MI,41.9,49.9,2020-09-15
PA,44.6,47.3,2020-09-15
WI,41,50.3,2020-09-15
PA,45.4,50.3,2020-09-16
PA,40,49,2020-09-17
PA,42,48,2020-09-17
GA,45,45,2020-09-18
IA,42,45,2020-09-19
TX,46,43,2020-09-19
VA,43,48,2020-09-15
MI,42,50,2020-09-16
MI,45,51,2020-09-16
PA,44,49,2020-09-16
PA,45,49,2020-09-16
WI,44,49,2020-09-16
WI,46,50,2020-09-16
GA,45,45,2020-09-16
GA,46,46,2020-09-16
KS,48,42,2020-09-16
KS,49,45,2020-09-16
KY,55,35,2020-09-16
KY,56,38,2020-09-16
MI,42,48,2020-09-16
MI,44,50,2020-09-16
IA,50,44,2020-09-20
IA,49,46,2020-09-20
IA,49,46,2020-09-20
AZ,46.6,49.3,2020-09-16
MI,46.7,46,2020-09-21
OH,47,48,2020-09-19
TX,50,45,2020-09-19
OK,55,33,2020-09-19
NV,41,52,2020-09-22
OH,45,50,2020-09-22
PA,44,51,2020-09-22
NV,40,50,2020-09-22
OH,44,49,2020-09-22
PA,43,51,2020-09-22
PA,45.9,48.1,2020-09-20
ME,39,50,2020-09-20
MD,30,62,2020-09-08
MD,29,61,2020-09-08
CA,28,67,2020-09-12
AZ,46,45,2020-09-19
FL,43,46,2020-09-19
TX,46,45,2020-09-19
NV,43,47,2020-09-18
MN,40.2,46.6,2020-09-22
AZ,42,53,2020-09-18
FL,45,51,2020-09-18
MI,45,50,2020-09-18
PA,42,53,2020-09-18
WI,44,51,2020-09-18
MN,42,48,2020-09-22
GA,47,46,2020-09-24
NC,46,48,2020-09-24
SC,52,42,2020-09-24
NV,48,49,2020-09-24
MI,43,52,2020-09-21
MI,44,52,2020-09-21
WI,44,54,2020-09-22
WI,44,52,2020-09-22
CA,28,62,2020-09-20
PA,43.6,48.9,2020-09-25
PA,44.7,49.7,2020-09-25
TX,48,48,2020-09-25
NV,41,46,2020-09-18
NC,45.4,45.7,2020-09-20
WI,44.9,47.7,2020-09-24
PA,40,49,2020-09-26
AK,47,46,2020-09-22
OH,50,48,2020-09-13
OH,50,48,2020-08-16
IL,39.8,52.9,2020-09-25
PA,45,54,2020-09-23
PA,44,54,2020-09-23
WI,46,48,2020-09-25
FL,42,46,2020-09-25
ND,56,37,2020-09-14
AZ,46,47,2020-09-27
NC,47,47,2020-09-22
NC,49,48,2020-09-22
NH,44,52,2020-09-21
NH,44,53,2020-09-21
TX,49,46,2020-09-22
TX,50,46,2020-09-22
GA,47,50,2020-09-25
GA,47,50,2020-09-28
NH,42,56,2020-09-24
CA,32,59,2020-09-27
KS,53,41,2020-09-15
MI,47.1,48.7,2020-09-27
NH,44,53,2020-09-26
SC,48,47,2020-09-25
KS,52,42,2020-09-28
IA,46,48,2020-09-25
OR,39,56,2020-09-28
MI,44,52,2020-09-20
AZ,46,50,2020-09-25
IA,50,45,2020-09-25
IA,47,44,2020-09-25
AZ,45,49,2020-09-25
ME,39,53,2020-09-25
ME,41,55,2020-09-25
SC,47,43,2020-09-25
SC,50,45,2020-09-25
OH,46,48,2020-08-29
PA,44,50,2020-08-29
NC,47,50,2020-09-25
GA,44.9,46.6,2020-09-30
NH,45.3,53.1,2020-09-30
NY,29,61,2020-09-28
AZ,46,50,2020-09-28
AZ,44,47,2020-09-25
NC,45,47,2020-09-25
FL,43,48,2020-09-24
PA,44,50,2020-09-24
MI,42,51,2020-09-25
WI,43,48,2020-09-25
MI,44,50,2020-09-30
GA,47,50,2020-09-26
IA,49,47,2020-09-26
NC,47,49,2020-09-26
OH,49,47,2020-09-26
TX,49,47,2020-09-26
GA,44,45,2020-09-25
WI,44.3,47.2,2020-09-27
WY,64.92,33.86,2020-09-15
WV,62.28,36.03,2020-09-15
WI,44.3,53.45,2020-09-15
WA,34.68,63.61,2020-09-15
VT,34.05,64.06,2020-09-15
VA,41.66,56.28,2020-09-15
UT,56.09,42.3,2020-09-15
TX,51.78,46.13,2020-09-15
TN,57.68,40.64,2020-09-15
SD,58.23,40.74,2020-09-15
SC,52.53,45.37,2020-09-15
RI,37.5,62.21,2020-09-15
PA,46.42,51.74,2020-09-15
OR,37.54,60.59,2020-09-15
OK,63.08,35.17,2020-09-15
OH,51.09,46.89,2020-09-15
NY,33.54,64.03,2020-09-15
NV,46.72,51.37,2020-09-15
NM,44.12,54.46,2020-09-15
NJ,36.85,60.25,2020-09-15
NH,43.13,54.95,2020-09-15
NE,57.13,40.76,2020-09-15
ND,63.33,33.65,2020-09-15
NC,45.64,52.21,2020-09-15
MT,57.32,40.52,2020-09-15
MS,54.86,44.05,2020-09-15
MO,52.91,44.95,2020-09-15
MN,43.48,54.68,2020-09-15
MI,44.43,52.68,2020-09-15
ME,38.31,59.77,2020-09-15
MD,31,67.11,2020-09-15
MA,31.77,66.01,2020-09-15
LA,59.92,38.11,2020-09-15
KY,59.43,39.26,2020-09-15
KS,51.9,47.13,2020-09-15
IN,52.62,44.74,2020-09-15
IL,36.34,61.06,2020-09-15
ID,63.81,35.01,2020-09-15
IA,51.91,46.35,2020-09-15
HI,33.33,65.62,2020-09-15
GA,48.43,49.08,2020-09-15
FL,47.19,50.52,2020-09-15
DE,37.16,61.24,2020-09-15
DC,12.04,86.34,2020-09-15
CT,37.07,61.25,2020-09-15
CO,41.45,56.97,2020-09-15
CA,34.78,63.3,2020-09-15
AZ,47.45,50.97,2020-09-15
AR,61.58,37.67,2020-09-15
AL,58.71,39.02,2020-09-15
AK,53.49,44.72,2020-09-15
WY,65.2,32.8,2020-09-15
WV,62.38,35.89,2020-09-15
WI,44.06,52.94,2020-09-15
WA,34.99,62.86,2020-09-15
VT,35.33,62.15,2020-09-15
VA,40.6,56.61,2020-09-15
UT,55.55,42.68,2020-09-15
TX,48.54,48.32,2020-09-15
TN,55.12,42.59,2020-09-15
SD,60,38.45,2020-09-15
SC,49.53,47.67,2020-09-15
RI,40.58,58.84,2020-09-15
PA,45.04,52.15,2020-09-15
OR,37.94,59.54,2020-09-15
OK,61.8,35.88,2020-09-15
OH,49.69,47.64,2020-09-15
NY,32.87,63.66,2020-09-15
NV,44.96,52.6,2020-09-15
NM,43.12,54.23,2020-09-15
NJ,35.75,60.33,2020-09-15
NH,43.38,54.25,2020-09-15
NE,56.01,41.42,2020-09-15
ND,62.1,35.04,2020-09-15
NC,43.58,53.74,2020-09-15
MT,58.16,39.25,2020-09-15
MS,49.11,49.36,2020-09-15
MO,50.96,45.93,2020-09-15
MN,43.88,53.87,2020-09-15
MI,43.6,53.11,2020-09-15
ME,40.36,57.55,2020-09-15
MD,29.9,67.95,2020-09-15
MA,32.06,65,2020-09-15
LA,55.7,41.96,2020-09-15
KY,59.34,38.85,2020-09-15
KS,50.65,48.07,2020-09-15
IN,51.95,45.1,2020-09-15
IL,35.51,61.08,2020-09-15
ID,63.93,34.66,2020-09-15
IA,51.82,46,2020-09-15
HI,33.77,64.6,2020-09-15
GA,44.8,51.72,2020-09-15
FL,45.59,51.3,2020-09-15
DE,37.34,60.97,2020-09-15
DC,13.61,84.38,2020-09-15
CT,36.04,61.25,2020-09-15
CO,41,56.8,2020-09-15
CA,33.9,63.34,2020-09-15
AZ,46,51.77,2020-09-15
AR,58.7,40.35,2020-09-15
AL,54.78,42.24,2020-09-15
AK,53.7,43.39,2020-09-15
WY,74.11,25.07,2020-08-16
WV,65.15,32.48,2020-08-16
WI,49.15,48.38,2020-08-16
WA,37.47,60.69,2020-08-16
VT,29.08,70.48,2020-08-16
VA,40.57,57.25,2020-08-16
UT,57.02,41.46,2020-08-16
TX,51.79,46.36,2020-08-16
TN,59.24,39.57,2020-08-16
SD,59.18,38.27,2020-08-16
SC,53.16,45.31,2020-08-16
RI,40.55,56.53,2020-08-16
PA,44.97,52.76,2020-08-16
OR,37.69,60.21,2020-08-16
OK,63.75,34.61,2020-08-16
OH,50.76,47.53,2020-08-16
NY,34.13,63.54,2020-08-16
NV,49,50,2020-08-16
NM,43,56,2020-08-16
NJ,40,57,2020-08-16
NH,39,60,2020-08-16
NE,53,47,2020-08-16
ND,66,32,2020-08-16
NC,51,48,2020-08-16
MT,52,46,2020-08-16
MS,61,36,2020-08-16
MO,54,44,2020-08-16
MN,43,56,2020-08-16
MI,48,49,2020-08-16
ME,37,61,2020-08-16
MD,31,66,2020-08-16
MA,29,69,2020-08-16
LA,59,38,2020-08-16
KY,60,38,2020-08-16
KS,54,45,2020-08-16
IN,55,43,2020-08-16
IL,38,60,2020-08-16
ID,58,40,2020-08-16
IA,53,46,2020-08-16
HI,37,61,2020-08-16
GA,49,49,2020-08-16
FL,50,48,2020-08-16
DE,32,67,2020-08-16
DC,16,83,2020-08-16
CT,35,64,2020-08-16
CO,41,57,2020-08-16
CA,35,63,2020-08-16
AZ,52,47,2020-08-16
AR,67,32,2020-08-16
AL,65,33,2020-08-16
AK,57,42,2020-08-16
WY,72.68,26.51,2020-08-16
WV,65.3,31.43,2020-08-16
WI,48.94,48.26,2020-08-16
WA,37.73,59.74,2020-08-16
VT,31.36,68.24,2020-08-16
VA,39.74,57.52,2020-08-16
UT,56.4,41.97,2020-08-16
TX,48.46,48.78,2020-08-16
TN,57.24,40.88,2020-08-16
SD,59.12,38.2,2020-08-16
SC,50.27,47.16,2020-08-16
RI,40.62,56.49,2020-08-16
PA,44.87,52.28,2020-08-16
OR,37.03,59.83,2020-08-16
OK,61.92,35.82,2020-08-16
OH,50.1,47.62,2020-08-16
NY,33.28,63.2,2020-08-16
NV,46.36,51.84,2020-08-16
NM,42.07,55.19,2020-08-16
NJ,38.28,58.18,2020-08-16
NH,39.19,59.26,2020-08-16
NE,52.56,46.6,2020-08-16
ND,66.26,31.64,2020-08-16
NC,48.56,49.06,2020-08-16
MT,53.44,44.89,2020-08-16
MS,54.67,41.34,2020-08-16
MO,52.68,45.04,2020-08-16
MN,42.91,55.25,2020-08-16
MI,47.05,49.45,2020-08-16
ME,38.97,59.63,2020-08-16
MD,31.17,64.52,2020-08-16
MA,28.6,68.14,2020-08-16
LA,54.98,41.54,2020-08-16
KY,59.42,38.17,2020-08-16
KS,53.46,44.91,2020-08-16
IN,53.76,43.87,2020-08-16
IL,37.01,60.01,2020-08-16
ID,57.88,39.67,2020-08-16
IA,52.19,45.73,2020-08-16
HI,36.92,59.33,2020-08-16
GA,45.89,51.83,2020-08-16
FL,48.13,49.13,2020-08-16
DE,32.57,66.56,2020-08-16
DC,16.46,81.39,2020-08-16
CT,33.99,64.06,2020-08-16
CO,41.63,55.94,2020-08-16
CA,33.45,63.28,2020-08-16
AZ,49.89,47.85,2020-08-16
AR,64.95,33.8,2020-08-16
AL,60.1,36.69,2020-08-16
AK,56.34,42.33,2020-08-16
WY,70.31,27.69,2020-07-16
WV,67.3,31.78,2020-07-16
WI,47.7,50.24,2020-07-16
WA,36.82,61.52,2020-07-16
VT,26.8,71.18,2020-07-16
VA,43.4,54.94,2020-07-16
UT,58.35,39.97,2020-07-16
TX,52.02,46.15,2020-07-16
TN,60.69,37.73,2020-07-16
SD,62.52,35.22,2020-07-16
SC,53.45,44.48,2020-07-16
RI,38.9,60.07,2020-07-16
PA,47.78,50.29,2020-07-16
OR,37.83,61.1,2020-07-16
OK,64.16,34.35,2020-07-16
OH,51.79,46.48,2020-07-16
NY,34.38,63.32,2020-07-16
NV,51.8,46.57,2020-07-16
NM,48.4,49.45,2020-07-16
NJ,37.38,60.85,2020-07-16
NH,38.7,59.74,2020-07-16
NE,53.74,44.35,2020-07-16
ND,63.02,35.71,2020-07-16
NC,49.52,48.59,2020-07-16
MT,53.05,43.78,2020-07-16
MS,59.3,39.05,2020-07-16
MO,53.92,44.06,2020-07-16
MN,46.65,51.07,2020-07-16
MI,48.26,49.49,2020-07-16
ME,41.42,57.47,2020-07-16
MD,31.69,66.28,2020-07-16
MA,26.34,71.79,2020-07-16
LA,59.51,38.63,2020-07-16
KY,61.75,36.8,2020-07-16
KS,50.55,47.38,2020-07-16
IN,55.99,42.57,2020-07-16
IL,38.38,59.25,2020-07-16
ID,62.8,35.23,2020-07-16
IA,53.6,44.95,2020-07-16
HI,36.77,61.54,2020-07-16
GA,53,45.22,2020-07-16
FL,48,49.29,2020-07-16
DE,31,67.32,2020-07-16
DC,8,90.53,2020-07-16
CT,38.67,59.38,2020-07-16
CO,40.36,57.78,2020-07-16
CA,34.77,63.1,2020-07-16
AZ,50.52,47.31,2020-07-16
AR,65.77,32.41,2020-07-16
AL,63.03,34.89,2020-07-16
AK,54.84,42.72,2020-07-16
WY,69.64,27.77,2020-07-16
WV,66.44,31.52,2020-07-16
WI,47.42,49.7,2020-07-16
WA,36.71,61.17,2020-07-16
VT,28.55,68.58,2020-07-16
VA,41.56,56.27,2020-07-16
UT,58.11,39.79,2020-07-16
TX,48.49,48.68,2020-07-16
TN,57.64,39.87,2020-07-16
SD,63.91,33.5,2020-07-16
SC,49.68,47.52,2020-07-16
RI,40.14,58.68,2020-07-16
PA,47.01,50.53,2020-07-16
OR,38.92,59.7,2020-07-16
OK,62.33,35.43,2020-07-16
OH,51.12,46.57,2020-07-16
NY,33.47,63.27,2020-07-16
NV,50.82,47.1,2020-07-16
NM,47.85,49.37,2020-07-16
NJ,35.56,62.25,2020-07-16
NH,39.17,59.05,2020-07-16
NE,51.98,45.81,2020-07-16
ND,61.7,36.52,2020-07-16
NC,47.84,49.55,2020-07-16
MT,53.09,43.18,2020-07-16
MS,53.9,43.94,2020-07-16
MO,53.15,44.44,2020-07-16
MN,46.58,50.64,2020-07-16
MI,46.95,50.43,2020-07-16
ME,42.88,55.57,2020-07-16
MD,30.43,66.6,2020-07-16
MA,26.77,70.58,2020-07-16
LA,54.63,42.79,2020-07-16
KY,62.41,35.98,2020-07-16
KS,49,48.88,2020-07-16
IN,54.85,43.22,2020-07-16
IL,37.17,59.76,2020-07-16
ID,62.97,34.78,2020-07-16
IA,54,44.1,2020-07-16
HI,38,60.26,2020-07-16
GA,49,48.54,2020-07-16
FL,46,50.76,2020-07-16
DE,29,68.96,2020-07-16
DC,8,89.09,2020-07-16
CT,38.24,59.11,2020-07-16
CO,39.51,58.21,2020-07-16
CA,33.59,63.59,2020-07-16
AZ,48.22,48.78,2020-07-16
AR,64.77,32.97,2020-07-16
AL,58.43,38.86,2020-07-16
AK,56.44,40.53,2020-07-16
WY,77.69,22.22,2020-06-19
WV,71.68,27.06,2020-06-19
WI,47.05,50.57,2020-06-19
WA,36.66,61.55,2020-06-19
VT,19.9,74.91,2020-06-19
VA,41.95,56.63,2020-06-19
UT,57.27,41.43,2020-06-19
TX,51.48,46.23,2020-06-19
TN,61.29,36.98,2020-06-19
SD,60.78,37.46,2020-06-19
SC,51.66,46.53,2020-06-19
RI,39.55,59.67,2020-06-19
PA,47.73,50.14,2020-06-19
OR,39.2,58.64,2020-06-19
OK,61.4,37,2020-06-19
OH,49.56,48.55,2020-06-19
NY,33.07,64.65,2020-06-19
NV,49.17,49.72,2020-06-19
NM,49.71,48.94,2020-06-19
NJ,36.7,60.63,2020-06-19
NH,38.5,60.98,2020-06-19
NE,56.25,42.21,2020-06-19
ND,71.22,28.03,2020-06-19
NC,49.42,49.22,2020-06-19
MT,57.39,40.54,2020-06-19
MS,62.88,34.74,2020-06-19
MO,51.41,47.19,2020-06-19
MN,41.77,56.77,2020-06-19
MI,45.85,51,2020-06-19
ME,45.52,51.23,2020-06-19
MD,34.21,63.95,2020-06-19
MA,27.46,70.8,2020-06-19
LA,60.49,36.51,2020-06-19
KY,59.99,37.76,2020-06-19
KS,52.6,44.95,2020-06-19
IN,57.17,40.21,2020-06-19
IL,38.61,59.14,2020-06-19
ID,58.36,40.66,2020-06-19
IA,49.67,47.85,2020-06-19
HI,30.44,66.88,2020-06-19
GA,49.15,48.54,2020-06-19
FL,51.12,46.93,2020-06-19
DE,33.68,64.14,2020-06-19
DC,10.51,86.95,2020-06-19
CT,32.08,65.21,2020-06-19
CO,41.79,56.56,2020-06-19
CA,35.7,62.19,2020-06-19
AZ,51.71,46.16,2020-06-19
AR,59.48,38.32,2020-06-19
AL,62.7,35.22,2020-06-19
AK,52.1,46.31,2020-06-19
WY,78.28,21.48,2020-06-19
WV,70.31,28.22,2020-06-19
WI,45.82,51.66,2020-06-19
WA,37.42,60.22,2020-06-19
VT,21.46,72.94,2020-06-19
VA,39.91,57.88,2020-06-19
UT,54.86,43.2,2020-06-19
TX,47.5,49.36,2020-06-19
TN,58.32,39.59,2020-06-19
SD,60.65,37.12,2020-06-19
SC,48.46,48.84,2020-06-19
RI,39.17,59.95,2020-06-19
PA,46.03,51.31,2020-06-19
OR,38.21,59.03,2020-06-19
OK,58.28,39.86,2020-06-19
OH,47.8,49.99,2020-06-19
NY,32.02,64.58,2020-06-19
NV,47.34,51.4,2020-06-19
NM,47.98,50.7,2020-06-19
NJ,34.22,61.81,2020-06-19
NH,42.72,56.41,2020-06-19
NE,57.24,40.73,2020-06-19
ND,64.74,34.48,2020-06-19
NC,47.16,50.75,2020-06-19
MT,58.82,38.66,2020-06-19
MS,55.68,41.46,2020-06-19
MO,50.47,47.65,2020-06-19
MN,41.28,57.09,2020-06-19
MI,43.92,52.38,2020-06-19
ME,48.22,48.75,2020-06-19
MD,32.17,65.66,2020-06-19
MA,27.74,70.24,2020-06-19
LA,54.13,41.51,2020-06-19
KY,58.88,38.68,2020-06-19
KS,51.4,46.21,2020-06-19
IN,55.73,40.9,2020-06-19
IL,36.61,60.61,2020-06-19
ID,57.35,41.26,2020-06-19
IA,51.57,45.55,2020-06-19
HI,30.76,65.77,2020-06-19
GA,45.31,51.61,2020-06-19
FL,48.79,48.4,2020-06-19
DE,30.5,65.49,2020-06-19
DC,9.57,87.04,2020-06-19
CT,31.81,64.74,2020-06-19
CO,42.06,55.88,2020-06-19
CA,34.18,62.89,2020-06-19
AZ,49.67,47.58,2020-06-19
AR,57.74,39.36,2020-06-19
AL,57.29,39.11,2020-06-19
AK,48.34,48.63,2020-06-19
MO,51,46,2020-09-30
FL,42,47,2020-09-30
PA,42,49,2020-10-01
NJ,38,52,2020-09-12
PA,44,51,2020-10-01
OH,47,47,2020-10-01
DE,33,54,2020-09-24
AZ,41,49,2020-10-02
OH,47.6,43.9,2020-10-02
NC,46,50,2020-10-04
UT,50,40,2020-09-30
ND,51,37,2020-09-28
WI,44,50,2020-10-02
PA,45,50,2020-10-02
AL,56.8,37.2,2020-10-02
MI,39.2,48,2020-10-02
FL,45,51,2020-10-03
FL,45,45,2020-10-03
NM,39,53,2020-09-30
AZ,45,49,2020-09-26
PA,42,54,2020-10-02
PA,43,54,2020-10-02
PA,45,53,2020-10-02
NH,44,53,2020-09-27
AZ,44.8,45.8,2020-10-02
AZ,45,51,2020-10-03
FL,46,50,2020-10-03
MI,43,51,2020-10-03
NC,47,49,2020-10-03
PA,46,50,2020-10-03
WI,44,51,2020-10-03
ME,39,50,2020-09-29
ME,40,51,2020-09-29
NC,47.2,50.4,2020-10-03
MI,43,51,2020-10-03
NC,47,47,2020-10-03
PA,47.4,50.8,2020-10-04
AK,50,46,2020-09-29
WV,56,38,2020-09-29
IA,47,48,2020-10-05
TX,48,48,2020-10-05
MD,32,61,2020-09-30
MO,50,48,2020-09-30
AZ,43.2,47.7,2020-10-04
FL,44,49,2020-09-26
TX,49,49,2020-09-29
OH,44,45,2020-10-04
NV,42,48,2020-10-04
WI,42,47,2020-10-02
WI,41,46,2020-10-02
FL,40,51,2020-10-03
IA,45,50,2020-10-03
PA,41,54,2020-10-03
FL,45,49,2020-10-03
AZ,46,48,2020-10-03
FL,43.9,49.9,2020-09-29
MT,49,43,2020-10-02
NC,44,51,2020-10-02
TX,45,47,2020-10-02
MN,40,47,2020-10-03
MT,56.4,43.6,2020-10-06
MD,30,61,2020-10-02
SC,49,44,2020-09-26
AZ,45,48,2020-10-02
TX,51,44,2020-10-05
TX,49,50,2020-10-07
FL,46,43,2020-10-06
NH,41,53,2020-10-03
CO,40,50,2020-10-03
MI,43.4,54.2,2020-10-06
GA,47.5,46.4,2020-10-01
TX,50,45,2020-09-29
NJ,38,53,2020-10-02
NJ,35,52,2020-10-02
AZ,47.8,43.8,2020-10-07
AZ,43,49,2020-10-06
NC,44,49,2020-10-05
FL,44,49,2020-10-05
PA,42,49,2020-10-05
MI,42,50,2020-10-05
WI,41,51,2020-10-06
GA,48.6,46.8,2020-10-07
GA,46,47,2020-10-08
MI,43.2,50.2,2020-10-04
OH,47,45.4,2020-10-04
PA,44.5,49.6,2020-10-04
WI,42.5,49.2,2020-10-04
MI,46,52,2020-10-08
NV,46,52,2020-10-08
IA,49,49,2020-10-08
MT,52,46,2020-10-09
PA,46,51,2020-10-07
FL,43.4,49.2,2020-09-29
MI,40,48,2020-10-08
WI,41,51,2020-10-10
WI,44,51,2020-10-08
PA,44,51,2020-10-08
FL,48.4,50.6,2020-10-11
WA,34,55,2020-10-10
WI,45,52,2020-10-08
PA,45,51,2020-10-08
AZ,46,49,2020-10-06
CO,40,54,2020-10-06
FL,46,51,2020-10-06
GA,49,47,2020-10-06
MI,44,51,2020-10-06
MN,44,50,2020-10-06
NC,46,50,2020-10-06
OH,49,46,2020-10-06
PA,44,52,2020-10-06
SC,54,42,2020-10-06
TX,49,47,2020-10-06
WI,44,51,2020-10-06
FL,47,51.2,2020-10-09
PA,45.1,47.4,2020-10-11
MO,51.8,43.2,2020-09-30
NV,42,44,2020-10-09
NC,46,49,2020-10-10
NC,46,50,2020-10-10
NC,48,49,2020-10-10
WV,53,39,2020-10-03
MI,43,51,2020-10-10
NC,47,48,2020-10-10
NC,45,50,2020-10-10
NH,43,55,2020-10-11
MI,44,51,2020-10-10
NC,48,48,2020-10-10
FL,46,48,2020-10-06
NC,45,47,2020-10-09
AL,55,42,2020-09-29
AK,54,43,2020-09-28
AZ,46,52,2020-09-29
AR,57,41,2020-09-29
CA,35,63,2020-09-28
CO,40,58,2020-09-29
CT,34,62,2020-09-29
DE,34,64,2020-09-29
DC,11,85,2020-09-28
FL,48,50,2020-09-29
GA,46,51,2020-09-29
HI,35,63,2020-09-29
ID,59,38,2020-09-28
IL,36,60,2020-09-29
IN,54,44,2020-09-29
IA,50,48,2020-09-28
KS,54,45,2020-09-29
KY,59,39,2020-09-28
LA,53,44,2020-09-28
ME,43,56,2020-09-28
MD,31,66,2020-09-29
MA,30,68,2020-09-29
MI,45,51,2020-09-29
MN,43,54,2020-09-28
MS,52,46,2020-09-28
MO,51,45,2020-09-29
MT,56,41,2020-09-29
NE,51,46,2020-09-29
NV,45,53,2020-09-29
NH,43,55,2020-09-29
NJ,36,59,2020-09-29
NM,45,52,2020-09-29
NY,32,64,2020-09-29
NC,45,53,2020-09-29
ND,61,37,2020-09-28
OH,50,48,2020-09-28
OK,58,40,2020-09-29
OR,39,59,2020-09-29
PA,46,52,2020-09-29
RI,33,65,2020-09-29
SC,50,46,2020-09-28
SD,56,42,2020-09-28
TN,56,42,2020-09-29
TX,48,49,2020-09-29
UT,54,44,2020-09-28
VT,35,64,2020-09-28
VA,42,55,2020-09-29
WA,37,60,2020-09-29
WV,64,34,2020-09-29
WI,44,53,2020-09-29
WY,63,36,2020-09-29
AL,59,39,2020-09-29
AK,55,43,2020-09-28
AZ,47,51,2020-09-29
AR,59,39,2020-09-29
CA,36,63,2020-09-28
CO,41,57,2020-09-29
CT,35,62,2020-09-29
DE,35,63,2020-09-29
DC,10,87,2020-09-28
FL,49,49,2020-09-29
GA,49,49,2020-09-29
HI,35,64,2020-09-29
ID,59,39,2020-09-28
IL,37,60,2020-09-29
IN,55,43,2020-09-29
IA,49,49,2020-09-28
KS,55,44,2020-09-29
KY,58,40,2020-09-28
LA,58,40,2020-09-28
ME,43,56,2020-09-28
MD,32,66,2020-09-29
MA,30,68,2020-09-29
MI,46,51,2020-09-29
MN,43,55,2020-09-28
MS,58,40,2020-09-28
MO,53,45,2020-09-29
MT,57,41,2020-09-29
NE,52,46,2020-09-29
NV,47,51,2020-09-29
NH,44,54,2020-09-29
NJ,37,60,2020-09-29
NM,46,53,2020-09-29
NY,33,64,2020-09-29
NC,46,52,2020-09-29
ND,61,37,2020-09-28
OH,51,47,2020-09-28
OK,60,39,2020-09-29
OR,38,60,2020-09-29
PA,47,52,2020-09-29
RI,32,67,2020-09-29
SC,53,44,2020-09-28
SD,56,43,2020-09-28
TN,58,40,2020-09-29
TX,50,47,2020-09-29
UT,53,44,2020-09-28
VT,33,65,2020-09-28
VA,43,55,2020-09-29
WA,37,61,2020-09-29
WV,64,34,2020-09-29
WI,44,54,2020-09-29
WY,63,35,2020-09-29
NH,40.8,51,2020-10-10
MI,39,48,2020-10-10
GA,46,48,2020-10-10
LA,54.1,35.9,2020-10-05
PA,43,49,2020-10-09
NC,46,48,2020-10-09
MT,51,44,2020-09-23
FL,48.4,46.1,2020-10-12
FL,47.2,49.2,2020-10-11
NC,42,46,2020-10-11
OH,47,48,2020-10-10
GA,44,51,2020-10-10
IA,50,44,2020-10-12
MN,41,52,2020-10-12
WI,43,53,2020-10-12
IN,49,42,2020-10-10
FL,47,49,2020-10-11
AZ,46,50,2020-10-11
GA,46,46,2020-10-10
SC,52,43,2020-10-10
FL,47,50,2020-10-11
AZ,47,49,2020-10-11
WY,62,36,2020-09-30
WV,64,34,2020-09-30
WI,44,53,2020-09-30
WA,37,60,2020-09-29
VT,34,64,2020-09-29
VA,42,56,2020-09-30
UT,53,44,2020-09-30
TX,48,49,2020-09-29
TN,55,42,2020-09-29
SD,56,42,2020-09-30
SC,50,46,2020-09-30
RI,33,66,2020-09-30
PA,45,52,2020-09-30
OR,39,59,2020-09-30
OK,58,40,2020-09-30
OH,50,47,2020-09-29
NY,32,64,2020-09-30
NV,45,53,2020-09-30
NM,45,53,2020-09-29
NJ,36,60,2020-09-30
NH,43,55,2020-09-30
NE,51,47,2020-09-30
ND,59,39,2020-09-29
NC,45,53,2020-09-29
MT,57,41,2020-09-30
MS,53,45,2020-09-29
MO,52,45,2020-09-29
MN,43,54,2020-09-30
MI,45,52,2020-09-30
ME,42,56,2020-09-30
MD,31,66,2020-09-30
MA,29,68,2020-09-30
LA,53,44,2020-09-30
KY,59,39,2020-09-30
KS,54,45,2020-09-30
IN,53,44,2020-09-30
IL,37,60,2020-09-30
ID,59,38,2020-09-30
IA,49,48,2020-09-30
HI,35,63,2020-09-30
GA,46,52,2020-09-29
FL,47,50,2020-09-30
DE,33,65,2020-09-29
DC,11,86,2020-09-30
CT,34,62,2020-09-30
CO,40,58,2020-09-30
CA,35,63,2020-09-29
AZ,46,52,2020-09-30
AR,56,41,2020-09-30
AL,55,42,2020-09-30
AK,53,44,2020-09-30
WY,63,36,2020-09-30
WV,64,34,2020-09-30
WI,44,54,2020-09-30
WA,37,61,2020-09-29
VT,33,65,2020-09-29
VA,42,56,2020-09-30
UT,53,44,2020-09-30
TX,51,47,2020-09-29
TN,58,40,2020-09-29
SD,56,43,2020-09-30
SC,53,45,2020-09-30
RI,32,67,2020-09-30
PA,46,52,2020-09-30
OR,38,60,2020-09-30
OK,59,40,2020-09-30
OH,51,47,2020-09-29
NY,33,65,2020-09-30
NV,47,52,2020-09-30
NM,45,53,2020-09-29
NJ,36,60,2020-09-30
NH,44,55,2020-09-30
NE,52,46,2020-09-30
ND,59,39,2020-09-29
NC,47,52,2020-09-29
MT,57,41,2020-09-30
MS,59,40,2020-09-29
MO,53,44,2020-09-29
MN,42,56,2020-09-30
MI,46,52,2020-09-30
ME,42,56,2020-09-30
MD,33,66,2020-09-30
MA,29,69,2020-09-30
LA,58,40,2020-09-30
KY,58,40,2020-09-30
KS,55,44,2020-09-30
IN,54,44,2020-09-30
IL,38,60,2020-09-30
ID,58,39,2020-09-30
IA,49,49,2020-09-30
HI,35,64,2020-09-30
GA,49,50,2020-09-29
FL,49,49,2020-09-30
DE,34,64,2020-09-29
DC,10,88,2020-09-30
CT,35,62,2020-09-30
CO,41,57,2020-09-30
CA,36,62,2020-09-29
AZ,48,51,2020-09-30
AR,58,40,2020-09-30
AL,59,39,2020-09-30
AK,54,44,2020-09-30
FL,40,47,2020-10-09
AZ,45,49,2020-10-06
VA,42,55,2020-10-13
CO,42,54,2020-10-13
NC,46,51,2020-10-13
VA,38,53,2020-10-06
AZ,47,50,2020-10-06
IA,48,47,2020-10-10
ME,39.7,50.3,2020-10-04
MI,42,48,2020-10-10
AZ,44,50,2020-10-11
AZ,44,51,2020-10-11
AZ,47,49,2020-10-11
WI,45.4,47.3,2020-10-12
SC,49,41,2020-10-11
CO,39,54,2020-10-10
PA,42.6,45.8,2020-10-12
OH,50,47,2020-10-10
WI,45,53,2020-10-10
MI,43,52,2020-10-10
PA,45,52,2020-10-10
WY,63,36,2020-09-30
WV,64,34,2020-09-30
WI,43,54,2020-10-01
WA,37,60,2020-10-01
VT,33,64,2020-10-01
VA,42,56,2020-10-01
UT,53,44,2020-10-01
TX,48,49,2020-09-30
TN,55,42,2020-10-01
SD,54,43,2020-10-01
SC,50,47,2020-10-01
RI,33,66,2020-09-30
PA,45,52,2020-10-01
OR,40,59,2020-10-01
OK,57,41,2020-09-30
OH,50,48,2020-10-01
NY,32,64,2020-09-30
NV,45,54,2020-10-01
NM,46,52,2020-10-01
NJ,35,60,2020-10-01
NH,43,55,2020-10-01
NE,51,46,2020-10-01
ND,60,38,2020-10-01
NC,45,53,2020-09-30
MT,54,44,2020-10-01
MS,54,44,2020-10-01
MO,51,46,2020-10-01
MN,43,54,2020-10-01
MI,45,52,2020-10-01
ME,41,57,2020-09-30
MD,31,67,2020-10-01
MA,29,69,2020-10-01
LA,53,44,2020-09-30
KY,58,40,2020-10-01
KS,54,45,2020-09-30
IN,53,45,2020-10-01
IL,37,60,2020-10-01
ID,59,39,2020-10-01
IA,50,48,2020-10-01
HI,34,63,2020-10-01
GA,46,51,2020-10-01
FL,47,50,2020-10-01
DE,32,65,2020-10-01
DC,10,87,2020-10-01
CT,34,62,2020-10-01
CO,40,58,2020-10-01
CA,35,63,2020-09-30
AZ,46,52,2020-09-30
AR,57,40,2020-09-30
AL,55,42,2020-10-01
AK,53,44,2020-09-30
WY,63,36,2020-09-30
WV,64,34,2020-09-30
WI,43,54,2020-10-01
WA,37,61,2020-10-01
VT,33,66,2020-10-01
VA,42,56,2020-10-01
UT,53,44,2020-10-01
TX,51,47,2020-09-30
TN,57,41,2020-10-01
SD,54,44,2020-10-01
SC,53,45,2020-10-01
RI,32,67,2020-09-30
PA,46,52,2020-10-01
OR,39,60,2020-10-01
OK,58,40,2020-09-30
OH,51,47,2020-10-01
NY,33,64,2020-09-30
NV,47,52,2020-10-01
NM,46,52,2020-10-01
NJ,36,60,2020-10-01
NH,44,55,2020-10-01
NE,53,45,2020-10-01
ND,60,38,2020-10-01
NC,46,52,2020-09-30
MT,54,44,2020-10-01
MS,60,39,2020-10-01
MO,53,45,2020-10-01
MN,42,56,2020-10-01
MI,45,52,2020-10-01
ME,42,57,2020-09-30
MD,32,66,2020-10-01
MA,29,69,2020-10-01
LA,58,40,2020-09-30
KY,58,41,2020-10-01
KS,54,45,2020-09-30
IN,53,45,2020-10-01
IL,38,60,2020-10-01
ID,58,39,2020-10-01
IA,49,49,2020-10-01
HI,34,64,2020-10-01
GA,49,49,2020-10-01
FL,48,49,2020-10-01
DE,33,65,2020-10-01
DC,10,88,2020-10-01
CT,34,63,2020-10-01
CO,42,57,2020-10-01
CA,36,63,2020-09-30
AZ,47,51,2020-09-30
AR,59,39,2020-09-30
AL,59,39,2020-10-01
AK,54,44,2020-09-30
AZ,46,45,2020-09-27
NC,49.2,49.2,2020-10-13
FL,45,48,2020-10-10
HI,28,61,2020-10-04
MI,46.5,45.9,2020-10-13
AK,45,39,2020-10-11
NJ,35.8,56.3,2020-10-10
FL,48,48,2020-10-14
MI,43,54,2020-10-14
PA,46,51,2020-10-14
WY,64,34,2020-10-02
WV,63,34,2020-10-02
WI,43,54,2020-10-02
WA,38,60,2020-10-01
VT,32,65,2020-10-02
VA,42,55,2020-10-02
UT,54,44,2020-10-02
TX,48,49,2020-10-02
TN,56,42,2020-10-01
SD,54,43,2020-10-02
SC,50,47,2020-10-02
RI,32,67,2020-10-02
PA,45,53,2020-10-02
OR,39,59,2020-10-01
OK,57,41,2020-10-02
OH,50,48,2020-10-02
NY,32,65,2020-10-01
NV,45,54,2020-10-02
NM,45,53,2020-10-02
NJ,35,60,2020-10-02
NH,43,56,2020-10-02
NE,52,46,2020-10-02
ND,59,39,2020-10-02
NC,45,53,2020-10-02
MT,53,44,2020-10-02
MS,53,45,2020-10-01
MO,51,46,2020-10-02
MN,43,54,2020-10-01
MI,44,52,2020-10-02
ME,41,57,2020-10-02
MD,31,67,2020-10-02
MA,29,69,2020-10-02
LA,53,44,2020-10-01
KY,58,40,2020-10-02
KS,53,46,2020-10-01
IN,53,45,2020-10-02
IL,36,60,2020-10-01
ID,60,38,2020-10-02
IA,49,48,2020-10-02
HI,31,66,2020-10-01
GA,46,52,2020-10-02
FL,47,50,2020-10-02
DE,33,64,2020-10-02
CT,33,63,2020-10-02
CO,39,58,2020-10-02
CA,35,62,2020-10-01
AZ,45,53,2020-10-01
AR,57,41,2020-10-02
AL,55,42,2020-10-02
AK,52,45,2020-10-01
WY,64,34,2020-10-02
WV,64,34,2020-10-02
WI,43,55,2020-10-02
WA,37,61,2020-10-01
VT,32,67,2020-10-02
VA,42,56,2020-10-02
UT,54,44,2020-10-02
TX,51,47,2020-10-02
TN,58,40,2020-10-01
SD,54,44,2020-10-02
SC,52,45,2020-10-02
RI,31,68,2020-10-02
PA,46,53,2020-10-02
OR,38,60,2020-10-01
OK,58,40,2020-10-02
OH,51,47,2020-10-02
NY,33,65,2020-10-01
NV,47,52,2020-10-02
NM,46,53,2020-10-02
NJ,36,61,2020-10-02
NH,43,55,2020-10-02
NE,53,45,2020-10-02
ND,59,39,2020-10-02
NC,46,52,2020-10-02
MT,54,44,2020-10-02
MS,59,39,2020-10-01
MO,53,45,2020-10-02
MN,43,55,2020-10-01
MI,45,53,2020-10-02
ME,42,57,2020-10-02
MD,32,67,2020-10-02
MA,29,69,2020-10-02
LA,57,40,2020-10-01
KY,58,41,2020-10-02
KS,53,46,2020-10-01
IN,53,45,2020-10-02
IL,37,60,2020-10-01
ID,59,39,2020-10-02
IA,49,50,2020-10-02
HI,31,67,2020-10-01
GA,49,50,2020-10-02
FL,48,49,2020-10-02
DE,33,65,2020-10-02
CT,34,64,2020-10-02
CO,41,57,2020-10-02
CA,36,62,2020-10-01
AZ,46,52,2020-10-01
AR,58,39,2020-10-02
AL,59,39,2020-10-02
AK,53,45,2020-10-01
DC,11,86,2020-10-02
DC,10,88,2020-10-02
MO,51,45,2020-10-14
WY,66,33,2020-10-03
WV,63,35,2020-10-03
WI,42,55,2020-10-03
WA,37,60,2020-10-03
VT,33,65,2020-10-03
VA,42,55,2020-10-03
UT,53,44,2020-10-03
TX,48,49,2020-10-03
TN,56,42,2020-10-03
SD,55,43,2020-10-03
SC,49,47,2020-10-02
RI,32,67,2020-10-03
PA,45,53,2020-10-03
OR,39,59,2020-10-02
OK,56,42,2020-10-03
OH,50,48,2020-10-03
NY,32,65,2020-10-02
NV,46,53,2020-10-03
NM,46,52,2020-10-02
NJ,35,61,2020-10-03
NH,42,57,2020-10-03
NE,51,46,2020-10-03
ND,60,38,2020-10-03
NC,45,53,2020-10-03
MT,53,44,2020-10-02
MS,53,45,2020-10-03
MO,51,46,2020-10-03
MN,43,55,2020-10-02
MI,44,53,2020-10-03
ME,42,56,2020-10-03
MD,31,67,2020-10-03
MA,29,69,2020-10-03
LA,53,44,2020-10-03
KY,58,40,2020-10-03
KS,52,47,2020-10-03
IN,53,45,2020-10-03
IL,37,60,2020-10-02
ID,60,38,2020-10-03
IA,50,48,2020-10-03
HI,32,65,2020-10-03
GA,46,51,2020-10-03
FL,47,50,2020-10-02
DE,33,64,2020-10-03
DC,10,86,2020-10-03
CT,34,62,2020-10-02
CO,39,59,2020-10-03
CA,35,63,2020-10-03
AZ,44,54,2020-10-02
AR,57,40,2020-10-03
AL,56,42,2020-10-02
AK,52,44,2020-10-03
WY,66,33,2020-10-03
WV,63,35,2020-10-03
WI,42,55,2020-10-03
WA,37,61,2020-10-03
VT,32,67,2020-10-03
VA,42,56,2020-10-03
UT,54,44,2020-10-03
TX,51,47,2020-10-03
TN,58,40,2020-10-03
SD,55,43,2020-10-03
SC,52,46,2020-10-02
RI,31,68,2020-10-03
PA,46,53,2020-10-03
OR,38,61,2020-10-02
OK,58,41,2020-10-03
OH,51,47,2020-10-03
NY,33,65,2020-10-02
NV,48,51,2020-10-03
NM,47,52,2020-10-02
NJ,36,61,2020-10-03
NH,42,57,2020-10-03
NE,52,46,2020-10-03
ND,60,38,2020-10-03
NC,46,52,2020-10-03
MT,54,44,2020-10-02
MS,59,39,2020-10-03
MO,53,45,2020-10-03
MN,42,56,2020-10-02
MI,44,53,2020-10-03
ME,42,56,2020-10-03
MD,32,66,2020-10-03
MA,29,70,2020-10-03
LA,58,40,2020-10-03
KY,57,41,2020-10-03
KS,53,46,2020-10-03
IN,53,45,2020-10-03
IL,38,60,2020-10-02
ID,59,39,2020-10-03
IA,49,50,2020-10-03
HI,31,67,2020-10-03
GA,49,49,2020-10-03
FL,48,50,2020-10-02
DE,34,64,2020-10-03
DC,9,88,2020-10-03
CT,35,63,2020-10-02
CO,41,57,2020-10-03
CA,35,63,2020-10-03
AZ,45,53,2020-10-02
AR,59,39,2020-10-03
AL,59,39,2020-10-02
AK,53,44,2020-10-03
AZ,47,50,2020-10-15
WI,46,51,2020-10-15
AK,49,46,2020-10-02
WY,66,32,2020-10-04
WV,64,34,2020-10-04
WI,43,55,2020-10-04
WA,37,60,2020-10-04
VT,33,65,2020-10-04
VA,42,56,2020-10-04
UT,53,44,2020-10-03
TX,48,49,2020-10-04
TN,55,42,2020-10-04
SD,54,43,2020-10-03
SC,50,47,2020-10-04
RI,31,67,2020-10-04
PA,45,53,2020-10-03
OR,39,60,2020-10-03
OK,56,42,2020-10-04
OH,50,48,2020-10-04
NY,32,65,2020-10-03
NV,46,53,2020-10-04
NM,45,53,2020-10-04
NJ,35,61,2020-10-04
NH,41,58,2020-10-03
NE,51,46,2020-10-04
ND,59,39,2020-10-04
NC,45,53,2020-10-04
MT,54,44,2020-10-04
MS,54,44,2020-10-04
MO,51,46,2020-10-03
MN,42,55,2020-10-03
MI,44,53,2020-10-03
ME,42,56,2020-10-04
MD,31,67,2020-10-04
MA,29,69,2020-10-03
LA,53,44,2020-10-03
KY,57,41,2020-10-04
KS,51,48,2020-10-04
IN,53,45,2020-10-04
IL,38,59,2020-10-03
ID,58,39,2020-10-04
IA,50,48,2020-10-04
HI,33,65,2020-10-04
GA,46,52,2020-10-04
FL,48,50,2020-10-04
DE,33,64,2020-10-04
DC,10,87,2020-10-04
CT,34,62,2020-10-04
CO,39,59,2020-10-04
CA,35,63,2020-10-03
AZ,44,54,2020-10-03
AR,57,40,2020-10-04
AL,56,42,2020-10-04
AK,52,45,2020-10-04
WY,66,33,2020-10-04
WV,64,34,2020-10-04
WI,43,55,2020-10-04
WA,37,61,2020-10-04
VT,32,67,2020-10-04
VA,42,56,2020-10-04
UT,53,45,2020-10-03
TX,51,47,2020-10-04
TN,57,41,2020-10-04
SD,54,44,2020-10-03
SC,52,46,2020-10-04
RI,31,68,2020-10-04
PA,46,53,2020-10-03
OR,38,61,2020-10-03
OK,57,41,2020-10-04
OH,51,47,2020-10-04
NY,33,65,2020-10-03
NV,48,51,2020-10-04
NM,46,53,2020-10-04
NJ,35,61,2020-10-04
NH,41,58,2020-10-03
NE,52,46,2020-10-04
ND,60,39,2020-10-04
NC,46,52,2020-10-04
MT,54,44,2020-10-04
MS,60,39,2020-10-04
MO,53,45,2020-10-03
MN,42,56,2020-10-03
MI,44,53,2020-10-03
ME,43,56,2020-10-04
MD,32,66,2020-10-04
MA,28,70,2020-10-03
LA,58,40,2020-10-03
KY,57,42,2020-10-04
KS,52,47,2020-10-04
IN,53,45,2020-10-04
IL,39,59,2020-10-03
ID,58,40,2020-10-04
IA,49,50,2020-10-04
HI,32,66,2020-10-04
GA,49,50,2020-10-04
FL,49,49,2020-10-04
DE,34,65,2020-10-04
DC,9,88,2020-10-04
CT,34,63,2020-10-04
CO,41,58,2020-10-04
CA,35,63,2020-10-03
AZ,45,53,2020-10-03
AR,59,39,2020-10-04
AL,59,39,2020-10-04
AK,53,45,2020-10-04
CO,38,55,2020-10-14
VA,42.2,51.2,2020-10-10
VA,41.4,51.5,2020-09-24
WI,46.3,47.6,2020-10-15
PA,46.4,47.5,2020-10-14
MI,41,51,2020-10-18
CO,38,47,2020-10-07
WA,37,60,2020-10-14
PA,45,49,2020-10-16
WI,43,51,2020-10-16
PA,45,49,2020-10-16
WI,45,51,2020-10-16
WY,66,32,2020-10-05
WV,65,34,2020-10-05
WI,43,54,2020-10-05
WA,37,60,2020-10-04
VT,32,66,2020-10-05
VA,42,55,2020-10-05
UT,53,44,2020-10-05
TX,49,49,2020-10-04
TN,55,43,2020-10-04
SD,53,45,2020-10-05
SC,50,46,2020-10-05
RI,32,67,2020-10-04
PA,45,53,2020-10-05
OR,39,60,2020-10-05
OK,57,41,2020-10-05
OH,50,48,2020-10-05
NY,32,65,2020-10-04
NV,45,53,2020-10-05
NM,45,53,2020-10-05
NJ,35,61,2020-10-05
NH,41,57,2020-10-05
NE,51,47,2020-10-05
ND,58,40,2020-10-05
NC,45,53,2020-10-05
MT,53,45,2020-10-05
MS,54,44,2020-10-05
MO,51,46,2020-10-04
MN,43,54,2020-10-05
MI,44,53,2020-10-04
ME,43,56,2020-10-05
MD,31,67,2020-10-05
MA,29,69,2020-10-05
LA,53,44,2020-10-04
KY,57,41,2020-10-05
KS,51,48,2020-10-05
IN,53,44,2020-10-05
IL,38,59,2020-10-05
ID,58,40,2020-10-05
IA,49,49,2020-10-05
HI,33,65,2020-10-05
GA,46,52,2020-10-05
FL,48,50,2020-10-04
DE,34,64,2020-10-05
CT,35,61,2020-10-05
CO,39,59,2020-10-04
CA,35,63,2020-10-04
AZ,44,54,2020-10-05
AR,56,41,2020-10-05
AL,56,41,2020-10-05
AK,52,45,2020-10-04
WY,66,33,2020-10-05
WV,66,33,2020-10-05
WI,43,55,2020-10-05
WA,37,61,2020-10-04
VT,31,67,2020-10-05
VA,43,55,2020-10-05
UT,53,45,2020-10-05
TX,51,47,2020-10-04
TN,57,41,2020-10-04
SD,53,45,2020-10-05
SC,53,45,2020-10-05
RI,32,68,2020-10-04
PA,46,53,2020-10-05
OR,38,61,2020-10-05
DC,11,86,2020-10-05
OH,50,48,2020-10-05
NY,33,65,2020-10-04
NV,47,52,2020-10-05
NM,45,53,2020-10-05
NJ,36,61,2020-10-05
NH,41,57,2020-10-05
NE,52,46,2020-10-05
ND,59,40,2020-10-05
NC,46,52,2020-10-05
MT,53,45,2020-10-05
MS,60,39,2020-10-05
MO,52,46,2020-10-04
MN,42,56,2020-10-05
MI,45,53,2020-10-04
ME,43,56,2020-10-05
MD,32,66,2020-10-05
MA,29,70,2020-10-05
LA,58,40,2020-10-04
KY,57,42,2020-10-05
KS,51,47,2020-10-05
IN,54,44,2020-10-05
IL,39,59,2020-10-05
ID,57,41,2020-10-05
IA,48,51,2020-10-05
HI,32,66,2020-10-05
GA,48,50,2020-10-05
FL,49,49,2020-10-04
DE,35,64,2020-10-05
DC,10,88,2020-10-05
CT,35,62,2020-10-05
CO,41,58,2020-10-04
CA,36,63,2020-10-04
AZ,45,53,2020-10-05
AR,58,40,2020-10-05
AL,60,38,2020-10-05
AK,53,44,2020-10-04
OK,58,40,2020-10-05
AL,55,38,2020-10-13
GA,48.4,47,2020-10-18
AR,58,33.5,2020-10-12
TX,46,47,2020-10-17
NC,46,48,2020-10-14
NC,48,49,2020-10-14
NC,47,50,2020-10-14
NC,48,50,2020-10-14
FL,47,48,2020-10-14
KY,56,39,2020-10-14
CO,43,51,2020-10-12
OH,47,48,2020-10-18
AZ,41.9,47.1,2020-10-17
NC,47.4,50.6,2020-10-17
GA,45,45,2020-10-16
MN,44,49,2020-10-14
PA,47,50,2020-10-18
AZ,46,47,2020-10-16
MI,44,51,2020-10-17
NC,46,49,2020-10-17
IA,44.6,45.1,2020-10-18
WY,66,32,2020-10-06
WV,66,32,2020-10-06
WI,42,55,2020-10-05
WA,37,61,2020-10-06
VT,32,66,2020-10-06
VA,42,55,2020-10-05
UT,52,45,2020-10-05
TX,49,49,2020-10-05
TN,55,43,2020-10-06
SD,53,45,2020-10-06
SC,50,46,2020-10-05
RI,31,67,2020-10-06
PA,45,53,2020-10-05
OR,39,60,2020-10-06
OK,56,42,2020-10-06
OH,49,48,2020-10-05
NY,32,64,2020-10-05
NV,46,53,2020-10-06
NM,45,53,2020-10-05
NJ,35,61,2020-10-05
NH,41,57,2020-10-05
NE,51,46,2020-10-05
ND,58,40,2020-10-05
NC,45,53,2020-10-05
MT,53,45,2020-10-06
MS,54,44,2020-10-06
MO,51,46,2020-10-06
MN,43,54,2020-10-06
MI,44,53,2020-10-06
ME,43,56,2020-10-06
MD,31,67,2020-10-06
MA,29,69,2020-10-06
LA,53,44,2020-10-06
KY,57,41,2020-10-06
KS,50,48,2020-10-06
IN,54,44,2020-10-06
IL,38,59,2020-10-06
ID,57,40,2020-10-05
IA,49,49,2020-10-06
HI,32,65,2020-10-06
GA,46,52,2020-10-06
FL,48,50,2020-10-06
DE,34,64,2020-10-06
DC,11,86,2020-10-06
CT,35,61,2020-10-05
CO,39,59,2020-10-06
CA,35,62,2020-10-06
AZ,44,54,2020-10-05
AR,56,41,2020-10-06
AL,56,41,2020-10-05
AK,51,46,2020-10-06
WY,66,32,2020-10-06
WV,66,32,2020-10-06
WI,43,55,2020-10-05
WA,37,62,2020-10-06
VT,32,67,2020-10-06
VA,43,55,2020-10-05
UT,53,45,2020-10-05
TX,51,47,2020-10-05
TN,57,41,2020-10-06
SD,53,45,2020-10-06
SC,53,45,2020-10-05
RI,32,67,2020-10-06
PA,46,52,2020-10-05
OR,38,61,2020-10-06
OK,58,41,2020-10-06
OH,51,48,2020-10-05
NY,33,65,2020-10-05
NV,48,51,2020-10-06
NM,46,53,2020-10-05
NJ,36,61,2020-10-05
NH,41,57,2020-10-05
NE,52,46,2020-10-05
ND,59,40,2020-10-05
NC,46,52,2020-10-05
MT,53,45,2020-10-06
MS,60,39,2020-10-06
MO,52,45,2020-10-06
MN,43,55,2020-10-06
MI,45,53,2020-10-06
ME,43,56,2020-10-06
MD,32,66,2020-10-06
MA,29,69,2020-10-06
LA,58,40,2020-10-06
KY,57,42,2020-10-06
KS,51,48,2020-10-06
IN,54,44,2020-10-06
IL,39,58,2020-10-06
ID,57,41,2020-10-05
IA,49,49,2020-10-06
HI,32,66,2020-10-06
GA,49,49,2020-10-06
FL,49,49,2020-10-06
DE,35,63,2020-10-06
DC,10,88,2020-10-06
CT,36,62,2020-10-05
CO,41,58,2020-10-06
CA,36,62,2020-10-06
AZ,45,53,2020-10-05
AR,58,40,2020-10-06
AL,60,38,2020-10-05
AK,52,45,2020-10-06
AZ,45,51,2020-10-18
FL,45,50,2020-10-18
MI,44,51,2020-10-18
NC,47,50,2020-10-18
PA,47,49,2020-10-18
WI,44,52,2020-10-18
MI,44,52,2020-10-17
NC,47,49,2020-10-17
NJ,34,56,2020-10-09
NM,41,54,2020-10-16
PA,42.4,48.6,2020-10-17
NV,43,52,2020-10-19
FL,47,51,2020-10-19
MN,43,53,2020-10-19
KS,56,39,2020-10-19
AZ,46,48,2020-10-18
IA,48,47,2020-10-17
IA,47,50,2020-10-17
IA,46,51,2020-10-17
WI,45,50,2020-10-16
IA,43,46,2020-10-19
PA,43,51,2020-10-18
TX,47,47,2020-10-18
KS,54,42,2020-10-19
WI,45,45,2020-10-18
AK,50,45,2020-10-19
IA,48,48.1,2020-10-20
FL,46,50,2020-10-17
PA,43,53,2020-10-17
PA,45,50,2020-10-17
FL,46,48,2020-10-17
WY,66,32,2020-10-07
WV,66,32,2020-10-07
WI,42,55,2020-10-06
WA,37,61,2020-10-06
VT,32,65,2020-10-06
VA,42,56,2020-10-07
UT,52,45,2020-10-07
TX,49,49,2020-10-07
TN,55,43,2020-10-06
SD,53,45,2020-10-06
SC,51,46,2020-10-07
RI,30,68,2020-10-07
PA,45,52,2020-10-06
OR,39,60,2020-10-07
OK,57,42,2020-10-07
OH,50,48,2020-10-06
NY,32,65,2020-10-06
NV,46,52,2020-10-07
NM,45,53,2020-10-07
NJ,35,61,2020-10-07
NH,41,57,2020-10-07
NE,52,46,2020-10-07
ND,59,40,2020-10-07
NC,45,53,2020-10-07
MT,52,46,2020-10-07
MS,54,44,2020-10-07
MO,52,46,2020-10-07
MN,43,55,2020-10-07
MI,44,53,2020-10-07
ME,43,56,2020-10-07
MD,30,67,2020-10-06
MA,28,69,2020-10-07
LA,54,43,2020-10-07
KY,57,41,2020-10-07
KS,51,47,2020-10-07
IN,54,44,2020-10-07
IL,39,58,2020-10-07
ID,57,40,2020-10-07
IA,49,49,2020-10-07
HI,33,64,2020-10-07
GA,46,52,2020-10-07
FL,48,50,2020-10-06
DE,34,64,2020-10-07
DC,11,86,2020-10-06
CT,35,61,2020-10-07
CO,39,59,2020-10-06
CA,35,62,2020-10-07
AZ,44,54,2020-10-06
AR,56,42,2020-10-07
AL,56,41,2020-10-07
AK,52,45,2020-10-07
WY,67,32,2020-10-07
WV,67,32,2020-10-07
WI,43,55,2020-10-06
WA,37,62,2020-10-06
VT,32,66,2020-10-06
VA,43,55,2020-10-07
UT,52,45,2020-10-07
TX,51,47,2020-10-07
TN,57,41,2020-10-06
SD,53,45,2020-10-06
SC,53,45,2020-10-07
RI,31,68,2020-10-07
PA,46,52,2020-10-06
OR,38,61,2020-10-07
OK,58,40,2020-10-07
OH,51,47,2020-10-06
NY,33,65,2020-10-06
NV,48,51,2020-10-07
NM,45,53,2020-10-07
NJ,36,61,2020-10-07
NH,42,57,2020-10-07
NE,53,45,2020-10-07
ND,60,39,2020-10-07
NC,47,52,2020-10-07
MT,53,45,2020-10-07
MS,61,38,2020-10-07
MO,53,45,2020-10-07
MN,42,56,2020-10-07
MI,45,53,2020-10-07
ME,43,56,2020-10-07
MD,32,67,2020-10-06
MA,28,70,2020-10-07
LA,59,39,2020-10-07
KY,57,41,2020-10-07
KS,51,47,2020-10-07
IN,55,43,2020-10-07
IL,40,58,2020-10-07
ID,57,41,2020-10-07
IA,50,49,2020-10-07
HI,32,66,2020-10-07
GA,49,50,2020-10-07
FL,49,49,2020-10-06
DE,35,63,2020-10-07
DC,10,88,2020-10-06
CT,36,62,2020-10-07
CO,40,58,2020-10-06
CA,36,62,2020-10-07
AZ,45,53,2020-10-06
AR,58,40,2020-10-07
AL,60,38,2020-10-07
AK,53,45,2020-10-07
FL,46,50,2020-10-17
FL,46,51,2020-10-17
AZ,46,49,2020-10-18
AZ,46,50,2020-10-18
GA,44,51,2020-10-13
MI,45,50,2020-10-17
MI,40,52,2020-10-19
OH,48,45,2020-10-19
PA,45,50,2020-10-19
WI,44,49,2020-10-19
MI,40,51,2020-10-19
OH,46,44,2020-10-19
PA,45,50,2020-10-19
WI,44,48,2020-10-19
OK,58.5,36.5,2020-10-17
CA,32,58,2020-10-13
AZ,48,47,2020-10-15
CO,39,55,2020-10-15
FL,45,52,2020-10-15
GA,48,48,2020-10-15
MI,44,52,2020-10-15
MN,42,51,2020-10-15
NC,47,50,2020-10-15
OH,49,47,2020-10-15
PA,43,52,2020-10-15
SC,51,45,2020-10-15
TX,47,48,2020-10-15
WI,42,54,2020-10-15
MN,42,48,2020-10-18
MI,46.7,44.9,2020-10-17
PA,46,52,2020-10-19
PA,46,49,2020-06-08
PA,46,49,2020-06-01
PA,47,47,2020-04-06
PA,48,46,2020-03-16
PA,48,46,2020-02-29
VA,41,52,2020-10-16
WI,44,50,2020-10-17
NC,49,48,2020-10-20
KS,48,41,2020-10-19
MT,51,43,2020-10-17
PA,46,51,2020-10-21
MI,43,50,2020-10-21
WY,66,31,2020-10-08
WV,66,32,2020-10-08
WI,42,55,2020-10-08
WA,37,60,2020-10-08
VT,32,65,2020-10-07
VA,42,56,2020-10-08
UT,52,45,2020-10-08
TX,48,49,2020-10-07
TN,55,43,2020-10-08
SD,53,45,2020-10-08
SC,51,46,2020-10-08
RI,31,68,2020-10-07
PA,45,52,2020-10-08
OR,39,60,2020-10-08
OK,57,42,2020-10-08
OH,50,48,2020-10-08
NY,32,65,2020-10-08
NV,46,52,2020-10-08
NM,46,52,2020-10-08
NJ,35,61,2020-10-08
NH,42,56,2020-10-08
NE,52,46,2020-10-08
ND,59,40,2020-10-07
NC,45,53,2020-10-08
MT,52,45,2020-10-07
MS,55,43,2020-10-08
MO,52,45,2020-10-07
MN,42,55,2020-10-08
MI,44,53,2020-10-08
ME,42,56,2020-10-08
MD,30,67,2020-10-08
MA,28,69,2020-10-08
LA,54,43,2020-10-07
KY,57,41,2020-10-08
KS,51,47,2020-10-07
IN,53,44,2020-10-08
IL,38,58,2020-10-08
ID,58,40,2020-10-08
IA,49,49,2020-10-08
HI,33,63,2020-10-08
GA,46,52,2020-10-08
FL,48,49,2020-10-08
DE,35,63,2020-10-08
DC,10,87,2020-10-08
CT,35,61,2020-10-08
CO,38,59,2020-10-08
CA,35,62,2020-10-08
AZ,44,54,2020-10-08
AR,56,41,2020-10-08
AL,57,41,2020-10-08
AK,52,44,2020-10-07
WY,67,31,2020-10-08
WV,67,32,2020-10-08
WI,43,55,2020-10-08
WA,37,61,2020-10-08
VT,32,66,2020-10-07
VA,43,55,2020-10-08
UT,53,45,2020-10-08
TX,51,47,2020-10-07
TN,57,41,2020-10-08
SD,53,45,2020-10-08
SC,53,44,2020-10-08
RI,31,68,2020-10-07
PA,46,52,2020-10-08
OR,38,61,2020-10-08
OK,58,41,2020-10-08
OH,51,48,2020-10-08
NY,32,65,2020-10-08
NV,48,51,2020-10-08
NM,46,53,2020-10-08
NJ,36,61,2020-10-08
NH,42,56,2020-10-08
NE,53,45,2020-10-08
ND,59,40,2020-10-07
NC,46,52,2020-10-08
MT,53,45,2020-10-07
MS,61,37,2020-10-08
MO,53,45,2020-10-07
MN,42,56,2020-10-08
MI,44,53,2020-10-08
ME,43,56,2020-10-08
MD,32,67,2020-10-08
MA,28,70,2020-10-08
LA,59,39,2020-10-07
KY,57,42,2020-10-08
KS,51,47,2020-10-07
IN,54,44,2020-10-08
IL,39,58,2020-10-08
ID,57,40,2020-10-08
IA,50,49,2020-10-08
HI,32,66,2020-10-08
GA,49,49,2020-10-08
FL,50,48,2020-10-08
DE,36,63,2020-10-08
DC,9,88,2020-10-08
CT,36,62,2020-10-08
CO,40,58,2020-10-08
CA,36,62,2020-10-08
AZ,46,53,2020-10-08
AR,58,40,2020-10-08
AL,60,38,2020-10-08
AK,53,44,2020-10-07
IA,47,47,2020-10-18
MI,39,48,2020-10-17
PA,44,51,2020-10-17
FL,47.4,48.9,2020-10-21
UT,50,38,2020-10-14
MI,49,45,2020-10-15
FL,50,46,2020-10-20
NC,44,48.1,2020-10-18
OK,59.6,34.7,2020-08-22
MT,49,43,2020-10-19
WV,58,37.9,2020-10-19
AZ,46.6,46.2,2020-10-21
NC,44,48,2020-10-17
AZ,47.8,46.8,2020-08-30
AZ,49.1,48.1,2020-08-30
GA,46,46,2020-09-01
IA,50,43,2020-09-01
MI,44,50,2020-09-01
OH,50.5,44.8,2020-09-02
AZ,47.9,47.8,2020-10-04
GA,45,49,2020-10-14
IA,45,47,2020-10-07
MI,42,51,2020-10-05
OH,47.5,47,2020-09-30
GA,49,45,2020-10-21
WY,67,30,2020-10-09
WV,65,33,2020-10-08
WI,42,55,2020-10-09
WA,37,60,2020-10-08
VT,32,65,2020-10-08
VA,41,56,2020-10-09
UT,52,46,2020-10-08
TX,48,49,2020-10-09
TN,54,44,2020-10-09
SD,54,44,2020-10-08
SC,51,46,2020-10-08
RI,30,68,2020-10-08
PA,45,53,2020-10-09
OR,38,60,2020-10-08
OK,57,41,2020-10-09
OH,49,48,2020-10-08
NY,32,65,2020-10-08
NV,46,52,2020-10-09
NM,46,53,2020-10-09
NJ,36,60,2020-10-09
NH,43,56,2020-10-08
NE,52,46,2020-10-08
ND,60,39,2020-10-08
NC,45,53,2020-10-09
MT,52,45,2020-10-08
MS,55,43,2020-10-09
MO,52,46,2020-10-09
MN,43,55,2020-10-09
MI,43,53,2020-10-09
ME,42,56,2020-10-09
MD,30,67,2020-10-09
MA,28,69,2020-10-09
LA,54,43,2020-10-08
KY,56,42,2020-10-09
KS,51,47,2020-10-09
IN,53,45,2020-10-09
IL,38,58,2020-10-08
ID,58,40,2020-10-08
IA,49,49,2020-10-09
HI,34,63,2020-10-08
GA,46,52,2020-10-08
FL,48,49,2020-10-09
DE,34,63,2020-10-09
DC,10,87,2020-10-08
CT,35,62,2020-10-09
CO,38,60,2020-10-08
CA,35,62,2020-10-08
AZ,44,54,2020-10-08
AR,57,41,2020-10-09
AL,57,41,2020-10-09
AK,52,44,2020-10-09
WY,68,30,2020-10-09
WV,66,33,2020-10-08
WI,43,55,2020-10-09
WA,37,61,2020-10-08
VT,32,66,2020-10-08
VA,43,55,2020-10-09
UT,52,45,2020-10-08
TX,51,47,2020-10-09
TN,56,42,2020-10-09
SD,54,44,2020-10-08
SC,53,45,2020-10-08
RI,31,68,2020-10-08
PA,46,52,2020-10-09
OR,38,61,2020-10-08
OK,58,40,2020-10-09
OH,50,48,2020-10-08
NY,33,65,2020-10-08
NV,48,51,2020-10-09
NM,46,53,2020-10-09
NJ,36,61,2020-10-09
NH,43,56,2020-10-08
NE,53,46,2020-10-08
ND,60,39,2020-10-08
NC,46,52,2020-10-09
MT,53,45,2020-10-08
MS,61,37,2020-10-09
MO,53,45,2020-10-09
MN,42,56,2020-10-09
MI,44,53,2020-10-09
ME,43,56,2020-10-09
MD,32,66,2020-10-09
MA,28,70,2020-10-09
LA,59,39,2020-10-08
KY,57,42,2020-10-09
KS,51,47,2020-10-09
IN,54,44,2020-10-09
IL,40,58,2020-10-08
ID,58,40,2020-10-08
IA,49,49,2020-10-09
HI,33,65,2020-10-08
GA,49,50,2020-10-08
FL,50,48,2020-10-09
DE,35,63,2020-10-09
DC,9,89,2020-10-08
CT,35,62,2020-10-09
CO,40,58,2020-10-08
CA,36,62,2020-10-08
AZ,46,53,2020-10-08
AR,59,39,2020-10-09
AL,61,38,2020-10-09
AK,53,44,2020-10-09
MT,50,46,2020-10-17
PA,44,51,2020-10-23
WY,67,30,2020-10-10
WV,66,33,2020-10-10
WI,42,55,2020-10-09
WA,36,61,2020-10-09
VT,32,66,2020-10-10
VA,41,56,2020-10-10
UT,52,46,2020-10-10
TX,48,49,2020-10-10
TN,54,44,2020-10-10
SD,55,43,2020-10-10
SC,51,46,2020-10-10
RI,30,68,2020-10-10
PA,45,53,2020-10-10
OR,38,60,2020-10-09
OK,57,41,2020-10-09
OH,49,48,2020-10-10
NY,32,64,2020-10-09
NV,46,52,2020-10-09
NM,45,53,2020-10-10
NJ,36,60,2020-10-10
NH,43,55,2020-10-09
NE,51,46,2020-10-10
ND,59,40,2020-10-10
NC,45,53,2020-10-09
MT,52,46,2020-10-10
MS,55,43,2020-10-10
MO,52,45,2020-10-10
MN,42,55,2020-10-09
MI,43,53,2020-10-09
ME,41,57,2020-10-10
MD,30,67,2020-10-10
MA,28,69,2020-10-09
LA,55,42,2020-10-09
KY,56,42,2020-10-10
KS,51,47,2020-10-10
IN,53,44,2020-10-10
IL,39,58,2020-10-09
ID,58,40,2020-10-09
IA,49,49,2020-10-09
HI,35,62,2020-10-10
GA,46,52,2020-10-10
FL,48,49,2020-10-10
DE,35,63,2020-10-10
DC,10,87,2020-10-10
CT,34,62,2020-10-09
CO,38,60,2020-10-10
CA,36,62,2020-10-10
AZ,44,54,2020-10-09
AR,57,41,2020-10-09
AL,57,41,2020-10-10
AK,52,45,2020-10-09
WY,67,31,2020-10-10
WV,66,33,2020-10-10
WI,43,55,2020-10-09
WA,37,62,2020-10-09
VT,31,67,2020-10-10
VA,43,55,2020-10-10
UT,52,45,2020-10-10
TX,51,47,2020-10-10
TN,56,42,2020-10-10
SD,55,43,2020-10-10
SC,53,45,2020-10-10
RI,30,69,2020-10-10
PA,46,52,2020-10-10
OR,38,61,2020-10-09
OK,59,40,2020-10-09
OH,51,48,2020-10-10
NY,33,65,2020-10-09
NV,48,50,2020-10-09
NM,45,53,2020-10-10
NJ,37,60,2020-10-10
NH,43,55,2020-10-09
NE,52,46,2020-10-10
ND,59,40,2020-10-10
NC,46,52,2020-10-09
MT,52,45,2020-10-10
MS,62,37,2020-10-10
MO,53,45,2020-10-10
MN,42,56,2020-10-09
MI,44,53,2020-10-09
ME,42,56,2020-10-10
MD,32,66,2020-10-10
MA,28,70,2020-10-09
LA,59,38,2020-10-09
KY,57,42,2020-10-10
KS,52,47,2020-10-10
IN,54,44,2020-10-10
IL,40,58,2020-10-09
ID,58,40,2020-10-09
IA,50,49,2020-10-09
HI,34,63,2020-10-10
GA,49,50,2020-10-10
FL,49,48,2020-10-10
DE,36,62,2020-10-10
DC,9,89,2020-10-10
CT,35,63,2020-10-09
CO,40,59,2020-10-10
CA,36,62,2020-10-10
AZ,46,53,2020-10-09
AR,59,39,2020-10-09
AL,61,38,2020-10-10
AK,53,45,2020-10-09
WI,43,54,2020-10-23
SD,51,40,2020-10-20
TX,44,46,2020-10-17
TX,45,48,2020-10-17
FL,48,50,2020-10-22
GA,49,49,2020-10-22
NC,47,51,2020-10-22
MI,42,55,2020-10-24
NC,48.8,46,2020-10-21
WY,67,31,2020-10-10
WV,66,33,2020-10-11
WI,42,55,2020-10-10
WA,37,61,2020-10-10
VT,31,66,2020-10-10
VA,41,56,2020-10-10
UT,52,45,2020-10-11
TX,48,49,2020-10-10
TN,54,44,2020-10-11
SD,54,43,2020-10-11
SC,51,46,2020-10-11
RI,30,68,2020-10-11
PA,45,53,2020-10-11
OR,38,60,2020-10-10
OK,57,41,2020-10-11
OH,49,48,2020-10-11
NY,33,64,2020-10-10
NV,47,51,2020-10-11
NM,45,53,2020-10-11
NJ,36,60,2020-10-11
NH,43,56,2020-10-11
NE,51,46,2020-10-10
ND,58,40,2020-10-11
NC,45,53,2020-10-11
MT,51,46,2020-10-10
MS,55,43,2020-10-11
MO,52,46,2020-10-10
MN,42,55,2020-10-11
MI,44,53,2020-10-10
ME,42,56,2020-10-10
MD,30,67,2020-10-10
MA,28,69,2020-10-11
LA,55,42,2020-10-11
KY,56,42,2020-10-11
KS,51,47,2020-10-11
IN,53,44,2020-10-11
IL,39,58,2020-10-10
ID,58,40,2020-10-11
IA,48,50,2020-10-10
HI,35,62,2020-10-11
GA,46,52,2020-10-10
FL,48,50,2020-10-11
DE,35,63,2020-10-10
DC,11,87,2020-10-10
CT,34,63,2020-10-11
CO,38,60,2020-10-11
CA,35,62,2020-10-10
AZ,44,54,2020-10-11
AR,57,41,2020-10-11
AL,57,41,2020-10-11
AK,52,45,2020-10-11
WY,67,31,2020-10-10
WV,66,33,2020-10-11
WI,43,55,2020-10-10
WA,37,61,2020-10-10
VT,30,67,2020-10-10
VA,43,55,2020-10-10
UT,52,45,2020-10-11
TX,51,48,2020-10-10
TN,56,42,2020-10-11
SD,55,43,2020-10-11
SC,53,45,2020-10-11
RI,31,68,2020-10-11
PA,46,52,2020-10-11
OR,37,61,2020-10-10
OK,59,40,2020-10-11
OH,51,48,2020-10-11
NY,33,64,2020-10-10
NV,49,50,2020-10-11
NM,45,53,2020-10-11
NJ,37,60,2020-10-11
NH,43,55,2020-10-11
NE,52,46,2020-10-10
ND,59,40,2020-10-11
NC,46,52,2020-10-11
MT,52,46,2020-10-10
MS,62,37,2020-10-11
MO,53,45,2020-10-10
MN,42,56,2020-10-11
MI,45,53,2020-10-10
ME,42,56,2020-10-10
MD,32,66,2020-10-10
MA,28,70,2020-10-11
LA,59,38,2020-10-11
KY,57,42,2020-10-11
KS,52,47,2020-10-11
IN,54,43,2020-10-11
IL,40,57,2020-10-10
ID,58,40,2020-10-11
IA,49,49,2020-10-10
HI,34,64,2020-10-11
GA,49,50,2020-10-10
FL,49,48,2020-10-11
DE,36,62,2020-10-10
DC,10,89,2020-10-10
CT,35,63,2020-10-11
CO,40,59,2020-10-11
CA,36,62,2020-10-10
AZ,45,53,2020-10-11
AR,59,39,2020-10-11
AL,61,38,2020-10-11
AK,53,45,2020-10-11
GA,46.2,46.5,2020-10-18
MI,42,52,2020-10-17
PA,44,52,2020-10-17
WI,44,53,2020-10-17
MI,42,51,2020-10-17
PA,44,51,2020-10-17
WI,43,51,2020-10-17
TX,50,44.7,2020-10-17
TX,48,49,2020-10-24
TX,47,43,2020-10-22
FL,48,50,2020-10-21
PA,48.4,45.5,2020-10-25
MA,29,64,2020-10-18
WI,44,53,2020-10-23
PA,45,50,2020-10-23
PA,44,51,2020-10-23
WI,44,53,2020-10-23
WY,67,31,2020-10-12
WV,65,33,2020-10-12
WI,42,55,2020-10-11
WA,37,61,2020-10-11
VT,31,66,2020-10-12
VA,41,56,2020-10-12
UT,52,46,2020-10-11
TX,48,49,2020-10-11
TN,54,44,2020-10-11
SD,54,43,2020-10-12
SC,51,46,2020-10-11
RI,30,68,2020-10-11
PA,45,52,2020-10-12
OR,38,60,2020-10-12
OK,57,41,2020-10-12
OH,50,48,2020-10-11
NY,33,64,2020-10-11
NV,46,52,2020-10-12
NM,45,53,2020-10-12
NJ,36,60,2020-10-11
NH,43,56,2020-10-12
NE,51,46,2020-10-11
ND,58,41,2020-10-12
NC,45,53,2020-10-11
MT,52,46,2020-10-12
MS,55,43,2020-10-12
MO,52,46,2020-10-12
MN,42,55,2020-10-11
MI,44,53,2020-10-12
ME,42,56,2020-10-12
MD,30,67,2020-10-12
MA,28,69,2020-10-12
LA,54,42,2020-10-12
KY,56,42,2020-10-11
KS,50,48,2020-10-12
IN,53,44,2020-10-12
IL,39,58,2020-10-11
ID,58,40,2020-10-12
IA,48,50,2020-10-12
HI,34,63,2020-10-12
GA,46,52,2020-10-12
FL,48,50,2020-10-11
DE,35,63,2020-10-12
DC,11,86,2020-10-11
CT,34,63,2020-10-12
CO,38,60,2020-10-12
CA,35,62,2020-10-11
AZ,44,54,2020-10-11
AR,57,41,2020-10-12
AL,57,41,2020-10-11
AK,53,44,2020-10-12
WY,67,31,2020-10-12
WV,66,33,2020-10-12
WI,43,55,2020-10-11
WA,37,61,2020-10-11
VT,30,67,2020-10-12
VA,43,55,2020-10-12
UT,52,45,2020-10-11
TX,50,48,2020-10-11
TN,56,42,2020-10-11
SD,55,43,2020-10-12
SC,54,44,2020-10-11
RI,31,68,2020-10-11
PA,46,52,2020-10-12
OR,37,61,2020-10-12
OK,59,40,2020-10-12
OH,51,47,2020-10-11
NY,33,64,2020-10-11
NV,48,51,2020-10-12
NM,45,53,2020-10-12
NJ,37,60,2020-10-11
NH,43,55,2020-10-12
NE,52,46,2020-10-11
ND,59,40,2020-10-12
NC,46,52,2020-10-11
MT,53,45,2020-10-12
MS,62,37,2020-10-12
MO,53,45,2020-10-12
MN,42,56,2020-10-11
MI,45,53,2020-10-12
ME,42,56,2020-10-12
MD,32,67,2020-10-12
MA,28,70,2020-10-12
LA,59,38,2020-10-12
KY,57,42,2020-10-11
KS,51,47,2020-10-12
IN,54,44,2020-10-12
IL,40,57,2020-10-11
ID,58,40,2020-10-12
IA,49,49,2020-10-12
HI,34,64,2020-10-12
GA,49,50,2020-10-12
FL,49,48,2020-10-11
DE,36,62,2020-10-12
DC,10,88,2020-10-11
CT,35,63,2020-10-12
CO,40,59,2020-10-12
CA,36,62,2020-10-11
AZ,46,53,2020-10-11
AR,59,39,2020-10-12
AL,61,38,2020-10-11
AK,54,44,2020-10-12
MD,32.9,58,2020-10-21
IN,48,40,2020-10-20
SC,51.2,43.9,2020-10-26
NV,41,50,2020-10-20
FL,48.13,50.16,2020-10-24
PA,45,52,2020-10-25
GA,46,51,2020-10-25
MS,55,41,2020-10-25
CA,29,65,2020-10-18
NV,43,49,2020-10-25
FL,48.5,44,2020-10-24
LA,58.8,35.9,2020-10-22
NC,47,48,2020-10-25
AZ,46,49,2020-10-24
MN,39,53,2020-10-25
NC,47,51,2020-10-26
MI,43,52,2020-10-23
NC,48,49,2020-10-24
KS,46.2,35.7,2020-09-26
KS,52,37.6,2020-09-26
NC,48,48,2020-10-25
MT,49,47,2020-10-26
MI,43,53,2020-10-23
NC,48,49,2020-10-24
IA,46,50,2020-10-23
MI,41.6,49.3,2020-10-24
AZ,45,52,2020-10-23
AZ,46,50,2020-10-02
AZ,46,49,2020-09-12
SC,50,44,2020-10-24
MI,44,49,2020-10-22
MI,44,51,2020-10-22
WI,39,56,2020-10-22
WI,40,57,2020-10-22
ME,38,51,2020-10-23
VA,41,53,2020-10-21
WY,66,32,2020-10-14
WV,66,33,2020-10-14
WI,42,55,2020-10-14
WA,37,61,2020-10-14
VT,30,67,2020-10-14
VA,41,56,2020-10-14
UT,54,43,2020-10-14
TX,48,49,2020-10-13
TN,54,44,2020-10-14
SD,55,42,2020-10-14
SC,51,45,2020-10-14
RI,30,67,2020-10-14
PA,45,53,2020-10-14
OR,38,60,2020-10-13
OK,57,41,2020-10-14
OH,50,48,2020-10-14
NY,33,63,2020-10-14
NV,47,51,2020-10-14
NM,45,53,2020-10-14
NJ,36,59,2020-10-14
NH,42,56,2020-10-14
NE,51,46,2020-10-14
ND,58,41,2020-10-14
NC,45,52,2020-10-14
MT,50,47,2020-10-14
MS,56,42,2020-10-14
MO,52,46,2020-10-14
MN,43,54,2020-10-14
MI,43,53,2020-10-14
ME,42,56,2020-10-14
MD,30,67,2020-10-14
MA,29,69,2020-10-14
LA,55,42,2020-10-14
KY,56,42,2020-10-14
KS,50,47,2020-10-14
IN,54,44,2020-10-14
IL,39,58,2020-10-14
ID,57,40,2020-10-14
IA,48,50,2020-10-14
HI,34,63,2020-10-14
GA,46,52,2020-10-14
FL,48,49,2020-10-14
DE,37,61,2020-10-14
DC,10,87,2020-10-14
CT,34,63,2020-10-14
CO,38,61,2020-10-14
CA,36,61,2020-10-14
AZ,44,54,2020-10-14
AR,58,40,2020-10-14
AL,57,41,2020-10-14
AK,53,44,2020-10-14
WY,66,32,2020-10-14
WV,66,33,2020-10-14
WI,43,55,2020-10-14
WA,37,61,2020-10-14
VT,30,68,2020-10-14
VA,42,55,2020-10-14
UT,54,43,2020-10-14
TX,51,47,2020-10-13
TN,56,42,2020-10-14
SD,56,42,2020-10-14
SC,54,44,2020-10-14
RI,31,67,2020-10-14
PA,46,52,2020-10-14
OR,38,61,2020-10-13
OK,59,40,2020-10-14
OH,51,47,2020-10-14
NY,34,64,2020-10-14
NV,49,50,2020-10-14
NM,45,53,2020-10-14
NJ,37,60,2020-10-14
NH,43,56,2020-10-14
NE,52,46,2020-10-14
ND,58,41,2020-10-14
NC,47,51,2020-10-14
MT,51,47,2020-10-14
MS,62,37,2020-10-14
MO,53,45,2020-10-14
MN,43,55,2020-10-14
MI,44,53,2020-10-14
ME,43,56,2020-10-14
MD,31,67,2020-10-14
MA,28,70,2020-10-14
LA,59,38,2020-10-14
KY,56,42,2020-10-14
KS,51,47,2020-10-14
IN,55,43,2020-10-14
IL,41,57,2020-10-14
ID,58,40,2020-10-14
IA,49,49,2020-10-14
HI,34,64,2020-10-14
GA,48,50,2020-10-14
FL,50,48,2020-10-14
DE,37,61,2020-10-14
DC,9,89,2020-10-14
CT,35,63,2020-10-14
CO,39,59,2020-10-14
CA,37,61,2020-10-14
AZ,46,52,2020-10-14
AR,60,39,2020-10-14
AL,61,37,2020-10-14
AK,54,44,2020-10-14
NC,46,47,2020-10-24
AR,65,32,2020-10-15
AZ,45,50,2020-10-21
FL,46,49,2020-10-21
TX,49,46,2020-10-21
PA,45,50,2020-10-21
GA,45,50,2020-10-25
GA,46,50,2020-10-25
GA,48,50,2020-10-25
WI,43,48,2020-10-23
WI,43,47,2020-10-23
MI,41,49,2020-10-25
NC,46,49,2020-10-26
SC,52.03,44.3,2020-10-24
AZ,44,48,2020-10-27
AZ,43,49,2020-10-24
MT,52,45,2020-10-21
AZ,46,48,2020-10-24
FL,47,49,2020-10-24
AZ,47,47,2020-10-24
FL,47,48,2020-10-24
PA,45,51,2020-10-26
MI,42,52.4,2020-10-26
MN,42,47,2020-10-25
PA,44,50,2020-10-22
FL,47,51,2020-10-26
FL,46,51,2020-10-26
ME,40,53,2020-10-25
FL,44.74,49.63,2020-10-19
GA,43.74,48.15,2020-10-19
MI,41.36,49.5,2020-10-19
NC,43.63,50.15,2020-10-19
OH,44.41,43.2,2020-10-19
PA,38.67,43.99,2020-10-19
TX,45.02,48.91,2020-10-19
GA,46,48,2020-10-27
VA,39,51,2020-10-17
OH,49,47,2020-10-27
AK,52,43,2020-10-27
NJ,37,59,2020-10-21
NJ,37,61,2020-10-21
TX,48,47,2020-10-23
NC,48,48,2020-10-23
NH,43,53,2020-10-21
FL,45,50,2020-10-26
FL,45,51,2020-10-26
FL,46,50,2020-10-26
NC,45,48,2020-10-25
AZ,49,45,2020-10-28
VT,32,62,2020-10-19
FL,42,45,2020-10-25
IA,47,46,2020-10-25
OH,43,48,2020-10-25
PA,44,51,2020-10-25
AL,58.1,38.9,2020-10-25
NH,39,58,2020-10-27
TX,50,46,2020-10-27
NH,45,53,2020-10-26
NV,44,50,2020-10-27
NH,44,52,2020-10-25
FL,47,50,2020-10-28
NC,48,49,2020-10-28
PA,46,51,2020-10-28
KY,52,38.8,2020-10-22
WY,68,30,2020-10-15
WV,66,32,2020-10-15
WI,42,55,2020-10-15
WA,36,61,2020-10-15
VT,29,68,2020-10-15
VA,41,56,2020-10-15
UT,55,43,2020-10-15
TX,48,49,2020-10-15
TN,54,44,2020-10-15
SD,56,41,2020-10-15
SC,51,45,2020-10-15
RI,31,67,2020-10-15
PA,45,53,2020-10-15
OR,38,60,2020-10-15
OK,57,41,2020-10-15
OH,50,48,2020-10-15
NY,34,63,2020-10-15
NV,47,51,2020-10-15
NM,46,52,2020-10-15
NJ,36,60,2020-10-15
NH,43,55,2020-10-15
NE,51,46,2020-10-15
ND,56,42,2020-10-15
NC,45,53,2020-10-15
MT,49,48,2020-10-15
MS,56,43,2020-10-15
MO,52,46,2020-10-15
MN,43,54,2020-10-15
MI,44,53,2020-10-15
ME,42,56,2020-10-15
MD,30,67,2020-10-15
MA,28,69,2020-10-15
LA,55,41,2020-10-15
KY,55,43,2020-10-15
KS,51,47,2020-10-15
IN,54,44,2020-10-15
IL,39,58,2020-10-15
ID,57,40,2020-10-15
IA,48,50,2020-10-15
HI,35,62,2020-10-15
GA,45,52,2020-10-15
FL,48,49,2020-10-15
DE,35,63,2020-10-15
DC,10,88,2020-10-15
CT,34,63,2020-10-15
CO,38,60,2020-10-15
CA,36,61,2020-10-14
AZ,45,53,2020-10-15
AR,58,40,2020-10-15
AL,57,41,2020-10-15
AK,53,44,2020-10-15
WY,68,31,2020-10-15
WV,66,32,2020-10-15
WI,43,55,2020-10-15
WA,36,62,2020-10-15
VT,29,69,2020-10-15
VA,43,55,2020-10-15
UT,55,43,2020-10-15
TX,51,47,2020-10-15
TN,56,42,2020-10-15
SD,57,41,2020-10-15
SC,54,44,2020-10-15
RI,32,67,2020-10-15
PA,46,52,2020-10-15
OR,38,61,2020-10-15
OK,59,40,2020-10-15
OH,51,47,2020-10-15
NY,34,63,2020-10-15
NV,49,50,2020-10-15
NM,46,52,2020-10-15
NJ,37,60,2020-10-15
NH,44,55,2020-10-15
NE,53,46,2020-10-15
ND,57,42,2020-10-15
NC,47,52,2020-10-15
MT,50,48,2020-10-15
MS,62,37,2020-10-15
MO,53,45,2020-10-15
MN,42,55,2020-10-15
MI,45,53,2020-10-15
ME,43,56,2020-10-15
MD,32,66,2020-10-15
MA,28,70,2020-10-15
LA,60,38,2020-10-15
KY,56,42,2020-10-15
KS,51,47,2020-10-15
IN,55,43,2020-10-15
IL,41,57,2020-10-15
ID,58,40,2020-10-15
IA,50,49,2020-10-15
HI,34,63,2020-10-15
GA,48,50,2020-10-15
FL,50,48,2020-10-15
DE,37,62,2020-10-15
DC,9,89,2020-10-15
CT,35,63,2020-10-15
CO,40,59,2020-10-15
CA,37,61,2020-10-14
AZ,46,52,2020-10-15
AR,60,38,2020-10-15
AL,61,37,2020-10-15
AK,54,44,2020-10-15
AL,55.8,37.2,2020-10-25
AZ,43.8,52.4,2020-10-25
CA,35.3,62,2020-10-25
FL,50.6,46.4,2020-10-25
GA,48.1,50.5,2020-10-25
IL,43.1,54.2,2020-10-25
IN,52.9,42.3,2020-10-25
MI,39.6,58.6,2020-10-25
NC,47.5,50.2,2020-10-25
NJ,37.7,61.8,2020-10-25
NY,32.8,65.4,2020-10-25
OH,55.3,43.6,2020-10-25
PA,46.1,51.9,2020-10-25
TX,48.6,47.5,2020-10-25
VA,44.3,55.2,2020-10-25
WI,44.9,53.7,2020-10-25
MI,40.6,53.5,2020-10-25
NC,48.05,45.9,2020-10-27
CT,26.4,51.4,2020-10-14
NC,48,47,2020-10-28
FL,45,52,2020-10-28
PA,45,52,2020-10-28
FL,46,48,2020-10-21
NC,46,51,2020-10-27
NC,46,52,2020-10-27
NC,47.6,50.32,2020-10-27
MI,44,54,2020-10-29
WY,59,31,2020-10-18
MI,44,51,2020-10-28
GA,48,47,2020-10-28
PA,48.4,47.6,2020-10-24
WI,47.1,47.5,2020-10-24
MN,44.8,48,2020-10-24
MI,49.1,46.6,2020-10-27
NV,47.1,49.4,2020-10-28
FL,49.6,46.9,2020-10-27
WY,66,32,2020-10-22
WV,67,32,2020-10-22
WI,43,54,2020-10-22
WA,35,62,2020-10-22
VT,30,68,2020-10-22
VA,40,57,2020-10-22
UT,54,43,2020-10-22
TX,48,50,2020-10-22
TN,53,45,2020-10-22
SD,59,39,2020-10-22
SC,52,45,2020-10-22
RI,34,63,2020-10-22
PA,45,52,2020-10-22
OR,39,59,2020-10-22
OK,62,37,2020-10-22
OH,50,48,2020-10-22
NY,34,62,2020-10-22
NV,47,51,2020-10-22
NM,43,55,2020-10-22
NJ,37,60,2020-10-22
NH,45,53,2020-10-22
NE,55,43,2020-10-22
ND,59,39,2020-10-22
NC,46,52,2020-10-22
MT,51,46,2020-10-22
MS,56,42,2020-10-22
MO,54,44,2020-10-22
MN,42,54,2020-10-22
MI,44,52,2020-10-22
ME,42,56,2020-10-22
MD,30,67,2020-10-22
MA,29,68,2020-10-22
LA,57,40,2020-10-22
KY,58,40,2020-10-22
KS,53,44,2020-10-22
IN,53,45,2020-10-22
IL,40,58,2020-10-22
ID,59,39,2020-10-22
IA,48,50,2020-10-22
HI,34,63,2020-10-22
GA,45,52,2020-10-22
FL,48,49,2020-10-22
DE,37,62,2020-10-22
DC,7,91,2020-10-22
CT,37,61,2020-10-22
CO,41,57,2020-10-22
CA,36,62,2020-10-22
AZ,45,53,2020-10-22
AR,57,41,2020-10-22
AL,56,41,2020-10-22
AK,54,43,2020-10-22
WY,66,33,2020-10-22
WV,67,32,2020-10-22
WI,44,53,2020-10-22
WA,35,62,2020-10-22
VT,29,69,2020-10-22
VA,42,56,2020-10-22
UT,54,44,2020-10-22
TX,51,47,2020-10-22
TN,56,43,2020-10-22
SD,61,38,2020-10-22
SC,54,44,2020-10-22
RI,35,63,2020-10-22
PA,46,52,2020-10-22
OR,39,59,2020-10-22
OK,64,35,2020-10-22
OH,51,47,2020-10-22
NY,35,62,2020-10-22
NV,49,49,2020-10-22
NM,43,56,2020-10-22
NJ,38,60,2020-10-22
NH,46,53,2020-10-22
NE,56,42,2020-10-22
ND,60,38,2020-10-22
NC,47,51,2020-10-22
MT,52,46,2020-10-22
MS,61,37,2020-10-22
MO,54,44,2020-10-22
MN,42,55,2020-10-22
MI,46,52,2020-10-22
ME,43,55,2020-10-22
MD,31,66,2020-10-22
MA,29,68,2020-10-22
LA,61,36,2020-10-22
KY,59,40,2020-10-22
KS,55,43,2020-10-22
IN,54,44,2020-10-22
IL,41,57,2020-10-22
ID,60,38,2020-10-22
IA,50,49,2020-10-22
HI,32,65,2020-10-22
GA,48,50,2020-10-22
FL,50,48,2020-10-22
DE,39,60,2020-10-22
DC,6,93,2020-10-22
CT,39,60,2020-10-22
CO,43,55,2020-10-22
CA,36,62,2020-10-22
AZ,46,52,2020-10-22
AR,60,39,2020-10-22
AL,60,38,2020-10-22
AK,55,43,2020-10-22
AZ,48.9,46.4,2020-10-27
NC,45,48,2020-10-26
FL,48.5,48.6,2020-10-28
PA,44,49,2020-10-25
VA,42,53,2020-10-26
MO,50,45,2020-10-28
MN,43,54,2020-10-29
TX,48,50,2020-10-28
WI,45.4,52.7,2020-10-29
UT,51,44,2020-10-19
AZ,47,50,2020-10-19
WI,44,52,2020-10-27
WI,44,51,2020-10-27
MI,41,53,2020-10-27
MI,40,54,2020-10-27
AZ,46,50,2020-10-27
AZ,46,49,2020-10-27
NC,45,51,2020-10-27
NC,44,50,2020-10-27
WI,46,49,2020-10-30
IA,48,41,2020-10-28
WY,66,32,2020-10-23
WV,67,32,2020-10-23
WI,43,54,2020-10-23
WA,35,62,2020-10-23
VT,29,69,2020-10-23
VA,40,57,2020-10-23
UT,54,43,2020-10-23
TX,48,50,2020-10-23
TN,53,45,2020-10-23
SD,60,38,2020-10-23
SC,52,45,2020-10-23
RI,34,63,2020-10-23
PA,45,52,2020-10-23
OR,39,59,2020-10-23
OK,62,37,2020-10-23
OH,50,48,2020-10-23
NY,34,62,2020-10-23
NV,47,51,2020-10-23
NM,43,55,2020-10-23
NJ,37,60,2020-10-23
NH,46,53,2020-10-23
NE,55,43,2020-10-23
ND,59,40,2020-10-23
NC,45,53,2020-10-23
MT,51,46,2020-10-23
MS,56,42,2020-10-23
MO,54,43,2020-10-23
MN,43,55,2020-10-23
MI,44,53,2020-10-23
ME,42,56,2020-10-23
MD,30,67,2020-10-23
MA,29,68,2020-10-23
LA,58,39,2020-10-23
KY,58,41,2020-10-23
KS,53,44,2020-10-23
IN,53,45,2020-10-23
IL,39,58,2020-10-23
ID,59,39,2020-10-23
IA,48,50,2020-10-23
HI,33,63,2020-10-23
GA,45,52,2020-10-23
FL,48,49,2020-10-23
DE,37,61,2020-10-23
DC,7,91,2020-10-23
CT,37,62,2020-10-23
CO,41,57,2020-10-23
CA,36,62,2020-10-23
AZ,45,53,2020-10-23
AR,58,41,2020-10-23
AL,56,41,2020-10-23
AK,53,45,2020-10-23
WY,65,33,2020-10-23
WV,66,32,2020-10-23
WI,44,54,2020-10-23
WA,36,62,2020-10-23
VT,28,70,2020-10-23
VA,42,56,2020-10-23
UT,55,43,2020-10-23
TX,51,47,2020-10-23
TN,56,43,2020-10-23
SD,61,37,2020-10-23
SC,54,44,2020-10-23
RI,35,63,2020-10-23
PA,46,52,2020-10-23
OR,39,60,2020-10-23
OK,63,36,2020-10-23
OH,50,48,2020-10-23
NY,35,63,2020-10-23
NV,48,50,2020-10-23
NM,43,55,2020-10-23
NJ,38,60,2020-10-23
NH,47,52,2020-10-23
NE,56,42,2020-10-23
ND,60,38,2020-10-23
NC,47,52,2020-10-23
MT,52,46,2020-10-23
MS,62,37,2020-10-23
MO,55,43,2020-10-23
MN,42,55,2020-10-23
MI,46,52,2020-10-23
ME,43,55,2020-10-23
MD,31,66,2020-10-23
MA,29,68,2020-10-23
LA,62,36,2020-10-23
KY,59,40,2020-10-23
KS,54,44,2020-10-23
IN,54,44,2020-10-23
IL,40,58,2020-10-23
ID,60,38,2020-10-23
IA,50,49,2020-10-23
HI,32,65,2020-10-23
GA,48,50,2020-10-23
FL,50,48,2020-10-23
DE,39,60,2020-10-23
DC,6,93,2020-10-23
CT,38,61,2020-10-23
CO,43,56,2020-10-23
CA,36,62,2020-10-23
AZ,46,52,2020-10-23
AR,60,38,2020-10-23
AL,60,38,2020-10-23
AK,53,45,2020-10-23
PA,49.6,48.5,2020-10-29
FL,49,47,2020-10-26
FL,50,48,2020-10-26
PA,45,49,2020-10-26
PA,44,51,2020-10-26
NM,42,54,2020-10-26
AZ,43,49,2020-10-28
FL,44,47,2020-10-29
PA,43,49,2020-10-28
WI,41,52,2020-10-28
FL,47,51,2020-10-29
FL,48.1,49.2,2020-10-29
MI,41,48,2020-10-27
MI,45.5,52,2020-10-30
OH,48.7,49.6,2020-10-30
IA,48.6,47.4,2020-10-30
IA,47.8,46.1,2020-10-30
FL,47,46,2020-10-31
MI,45,52.1,2020-10-29
NC,49,47,2020-10-28
AZ,45.9,48,2020-10-30
NV,47.2,48.9,2020-10-30
NC,48,43.6,2020-10-30
TX,50,45,2020-10-27
FL,47,48,2020-10-30
AZ,50.4,48.1,2020-10-30
NC,49.5,47.5,2020-10-30
WI,48.7,50.6,2020-10-30
MN,39,54,2020-10-20
WI,45,53,2020-10-29
WI,43,53,2020-10-29
PA,46,52,2020-10-29
PA,45,51,2020-10-29
MI,45,53,2020-10-29
MI,46.7,48.8,2020-10-30
MI,43,53,2020-10-29
PA,46.6,51.5,2020-10-29
ME,42.9,54.3,2020-10-30
PA,48.7,47.4,2020-10-30
NC,47.1,47.4,2020-10-30
FL,46.1,51.9,2020-10-29
GA,49.4,48.8,2020-10-30
TX,49.7,48.7,2020-10-30
FL,47,49,2020-10-13
GA,47,48,2020-10-13
NC,45,49,2020-10-13
PA,44,52,2020-10-13
TX,49,47,2020-10-13
WY,65,33,2020-10-24
WV,67,32,2020-10-24
WI,43,55,2020-10-24
WA,35,62,2020-10-24
VT,28,69,2020-10-24
VA,40,57,2020-10-24
UT,54,43,2020-10-24
TX,48,50,2020-10-24
TN,53,45,2020-10-24
SD,60,38,2020-10-24
SC,52,45,2020-10-24
RI,35,63,2020-10-24
PA,45,52,2020-10-24
OR,39,59,2020-10-24
OK,62,36,2020-10-24
OH,49,48,2020-10-24
NY,34,63,2020-10-24
NV,48,50,2020-10-24
NM,43,55,2020-10-24
NJ,37,60,2020-10-24
NH,46,53,2020-10-24
NE,55,43,2020-10-24
ND,57,41,2020-10-24
NC,45,53,2020-10-24
MT,52,46,2020-10-24
MS,55,43,2020-10-24
MO,54,43,2020-10-24
MN,43,54,2020-10-24
MI,45,52,2020-10-24
ME,41,56,2020-10-24
MD,30,66,2020-10-24
MA,29,68,2020-10-24
LA,58,39,2020-10-24
KY,58,40,2020-10-24
KS,53,44,2020-10-24
IN,53,44,2020-10-24
IL,39,58,2020-10-24
ID,58,40,2020-10-24
IA,48,50,2020-10-24
HI,32,64,2020-10-24
GA,45,53,2020-10-24
FL,48,50,2020-10-24
DE,38,61,2020-10-24
DC,7,91,2020-10-24
CT,37,61,2020-10-24
CO,41,57,2020-10-24
CA,36,62,2020-10-24
AZ,45,53,2020-10-24
AR,57,41,2020-10-24
AL,56,41,2020-10-24
AK,54,45,2020-10-24
WY,65,34,2020-10-24
WV,66,33,2020-10-24
WI,44,54,2020-10-24
WA,36,62,2020-10-24
VT,27,71,2020-10-24
VA,42,56,2020-10-24
UT,55,43,2020-10-24
TX,51,47,2020-10-24
TN,55,43,2020-10-24
SD,62,36,2020-10-24
SC,54,43,2020-10-24
RI,36,62,2020-10-24
PA,47,51,2020-10-24
OR,39,59,2020-10-24
OK,64,35,2020-10-24
OH,50,48,2020-10-24
NY,35,63,2020-10-24
NV,49,49,2020-10-24
NM,43,55,2020-10-24
NJ,38,60,2020-10-24
NH,47,52,2020-10-24
NE,56,43,2020-10-24
ND,59,40,2020-10-24
NC,47,52,2020-10-24
MT,52,46,2020-10-24
MS,61,37,2020-10-24
MO,54,43,2020-10-24
MN,43,55,2020-10-24
MI,46,52,2020-10-24
ME,42,56,2020-10-24
MD,31,66,2020-10-24
MA,29,68,2020-10-24
LA,62,36,2020-10-24
KY,59,40,2020-10-24
KS,54,44,2020-10-24
IN,54,44,2020-10-24
IL,41,57,2020-10-24
ID,59,39,2020-10-24
IA,50,49,2020-10-24
HI,32,66,2020-10-24
GA,48,50,2020-10-24
FL,50,48,2020-10-24
DE,39,60,2020-10-24
DC,6,93,2020-10-24
CT,38,61,2020-10-24
CO,43,55,2020-10-24
CA,36,62,2020-10-24
AZ,46,52,2020-10-24
AR,60,39,2020-10-24
AL,60,38,2020-10-24
AK,54,45,2020-10-24
WI,47,51,2020-10-31
IA,48,49,2020-10-31
OH,49,48,2020-10-31
GA,48.1,46.1,2020-11-01
CO,41,53,2020-10-31
NC,48,50,2020-10-29
TX,48,49,2020-10-29
CO,42,54,2020-10-29
AZ,47,50,2020-10-29
MN,44,53,2020-10-27
MI,39,53,2020-10-27
PA,42,56,2020-10-27
FL,47.1,50.8,2020-10-27
VA,43,54,2020-10-29
AL,58,38,2020-10-29
TX,50,47.3,2020-10-30
GA,48.3,46.1,2020-10-30
MI,45.9,48.3,2020-10-30
MI,48.3,45.8,2020-10-30
AZ,46.1,48.4,2020-10-26
CO,40.9,53.8,2020-10-26
FL,45.4,51.5,2020-10-26
GA,46.4,48.8,2020-10-26
IN,53.4,42,2020-10-26
MI,44.5,51.8,2020-10-26
MN,42.4,51.7,2020-10-26
MO,52.3,42.9,2020-10-26
NC,48.4,49.1,2020-10-26
OH,49.2,46.6,2020-10-26
PA,43.2,51.9,2020-10-26
SC,51.1,44.5,2020-10-26
TX,48.1,48.1,2020-10-26
WI,40.5,53.8,2020-10-26
PA,45,50,2020-10-30
PA,44,51,2020-10-30
PA,45,50,2020-10-30
OH,49.2,44.4,2020-10-30
IA,48,49,2020-11-01
IL,38,55,2020-10-31
MI,43,50,2020-10-31
MN,43,52,2020-10-31
NJ,38,56,2020-10-31
NY,33,61,2020-10-31
OH,47,47,2020-10-31
PA,44,50,2020-10-31
WI,42,50,2020-10-31
AZ,45.3,45.9,2020-10-29
PA,48,52,2020-10-30
FL,49,51,2020-10-30
NC,49,51,2020-10-30
FL,43,45,2020-10-31
PA,49,51,2020-10-31
GA,48,52,2020-10-31
PA,47,50,2020-10-31
PA,47.8,45.9,2020-10-30
OH,49,45,2020-10-31
PA,49.2,48.4,2020-11-01
AZ,48,48,2020-10-31
AZ,47,48,2020-10-31
PA,46,51,2020-10-31
PA,46,50,2020-10-31
CA,31,62,2020-10-30
AZ,48,50,2020-10-30
AZ,47,50,2020-10-30
OH,43,47,2020-10-30
FL,42,47,2020-10-30
OH,50.4,46.5,2020-10-29
FL,47,51,2020-10-29
NC,48,50,2020-10-29
IL,38.2,54.1,2020-10-29
GA,50.1,46,2020-11-01
FL,46,50,2020-10-29
NC,48,49,2020-10-29
WY,66,33,2020-10-26
WV,67,31,2020-10-26
WI,43,55,2020-10-26
WA,35,62,2020-10-26
VT,28,70,2020-10-26
VA,40,57,2020-10-26
UT,54,43,2020-10-26
TX,48,50,2020-10-26
TN,51,47,2020-10-26
SD,61,37,2020-10-26
SC,53,44,2020-10-26
RI,36,62,2020-10-26
PA,45,52,2020-10-26
OR,39,59,2020-10-26
OK,62,36,2020-10-26
OH,50,48,2020-10-26
NY,34,63,2020-10-26
NV,48,50,2020-10-26
NM,42,56,2020-10-26
NJ,38,59,2020-10-26
NH,45,54,2020-10-26
NE,54,44,2020-10-26
ND,58,40,2020-10-26
NC,45,53,2020-10-26
MT,52,46,2020-10-26
MS,55,42,2020-10-26
MO,54,43,2020-10-26
MN,42,55,2020-10-26
MI,44,53,2020-10-26
ME,41,56,2020-10-26
MD,30,66,2020-10-26
MA,29,68,2020-10-26
LA,58,39,2020-10-26
KY,58,40,2020-10-26
KS,53,45,2020-10-26
IN,54,44,2020-10-26
IL,39,58,2020-10-26
ID,57,40,2020-10-26
IA,49,50,2020-10-26
HI,31,65,2020-10-26
GA,45,52,2020-10-25
FL,48,50,2020-10-26
DE,37,62,2020-10-26
DC,6,92,2020-10-26
CT,37,61,2020-10-26
CO,41,57,2020-10-26
CA,36,62,2020-10-26
AZ,45,53,2020-10-26
AR,58,41,2020-10-26
AL,58,39,2020-10-26
AK,53,45,2020-10-26
WY,66,33,2020-10-26
WV,67,32,2020-10-26
WI,44,54,2020-10-26
WA,36,62,2020-10-26
VT,26,71,2020-10-26
VA,41,57,2020-10-26
UT,54,44,2020-10-26
TX,51,47,2020-10-26
TN,54,45,2020-10-26
SD,62,36,2020-10-26
SC,55,43,2020-10-26
RI,36,62,2020-10-26
PA,47,51,2020-10-26
OR,39,59,2020-10-26
OK,64,35,2020-10-26
OH,50,47,2020-10-26
NY,35,63,2020-10-26
NV,49,49,2020-10-26
NM,42,56,2020-10-26
NJ,39,59,2020-10-26
NH,46,53,2020-10-26
NE,55,43,2020-10-26
ND,59,39,2020-10-26
NC,47,51,2020-10-26
MT,52,46,2020-10-26
MS,61,37,2020-10-26
MO,54,44,2020-10-26
MN,42,56,2020-10-26
MI,46,52,2020-10-26
ME,42,56,2020-10-26
MD,32,65,2020-10-26
MA,29,69,2020-10-26
LA,62,35,2020-10-26
KY,59,40,2020-10-26
KS,54,44,2020-10-26
IN,54,44,2020-10-26
IL,40,58,2020-10-26
ID,58,40,2020-10-26
IA,50,49,2020-10-26
HI,31,66,2020-10-26
GA,49,50,2020-10-25
FL,50,48,2020-10-26
DE,38,61,2020-10-26
DC,5,94,2020-10-26
CT,38,60,2020-10-26
CO,43,55,2020-10-26
CA,36,62,2020-10-26
AZ,47,52,2020-10-26
AR,61,38,2020-10-26
AL,62,36,2020-10-26
AK,53,46,2020-10-26
MA,28,62,2020-10-27
PA,45,52,2020-10-29
NV,44,51,2020-10-29
FL,48,51,2020-10-29
FL,48.2,47,2020-11-01
KS,55,41,2020-10-29
SC,53,44,2020-10-29
AZ,47,50,2020-10-31
FL,48,51,2020-10-31
MI,44,51,2020-10-31
NC,47,49,2020-10-31
PA,46,50,2020-10-31
WI,45,53,2020-10-31
AZ,46,50,2020-10-28
FL,46,50,2020-10-27
MI,41,54,2020-10-28
NC,47,49,2020-10-28
PA,45,50,2020-10-28
WI,41,53,2020-10-28
GA,48,50,2020-10-29
MS,55,41,2020-10-29
MN,43,51,2020-10-29
IA,49,47,2020-10-29
AZ,45,48,2020-10-12
AZ,46,48,2020-10-09
MI,42,51,2020-10-12
MI,41,51,2020-10-09
FL,44,50,2020-10-12
FL,43,52,2020-10-09
PA,43,51,2020-10-12
PA,44,49,2020-10-09
NC,46,49,2020-10-12
NC,42,49,2020-10-09
WI,40,53,2020-10-12
WI,45,49,2020-10-09
IA,47,47,2020-10-31
MT,50,45,2020-10-31
AL,55,37.8,2020-10-29
AZ,45.7,50.6,2020-10-29
FL,45.5,53,2020-10-30
GA,44.3,53.6,2020-10-29
IL,43.6,55.1,2020-10-29
IN,55.2,43,2020-10-29
MI,44.9,53.6,2020-10-29
NC,46.4,52.3,2020-10-30
NJ,40,58.9,2020-10-29
OH,52.3,47.1,2020-10-29
PA,48.4,49.9,2020-10-30
TX,51.2,47.2,2020-10-30
VA,41.3,56.3,2020-10-29
WI,44.9,54.6,2020-10-29
CO,40.7,55.4,2020-10-27
CT,33.7,64.1,2020-10-27
KY,55,41.5,2020-10-27
LA,56.6,39.1,2020-10-27
MD,31.1,67,2020-10-27
MN,43.4,52.7,2020-10-27
MO,54.6,43.4,2020-10-27
OR,37.2,60.4,2020-10-27
SC,49.8,48.9,2020-10-27
TN,57.6,40.9,2020-10-27
WA,38.6,58.9,2020-10-27
SD,55,40,2020-10-26
FL,50.1,47.2,2020-10-24
NC,49.4,47.2,2020-10-24
OH,49.4,46.5,2020-10-24
GA,49.4,46.9,2020-10-24
PA,49,46.9,2020-10-24
MI,48.1,48.4,2020-10-24
ME,40,52,2020-10-31
